VEG_ID,LONGITUDE,LATITUDE,ELEV,HEIGHT,AVG_SPREAD,MAX_SPREAD,TREE_SPECIES,LAST_TRIMMED
1,-117.928859,33.80744047,186.33,58.81,17.39,19.69,Western sycamore,9/10/21
2,-117.929281,33.80741316,148.5,22.54,16.73,18.37,California palm,9/10/21
3,-117.928838,33.8074189,187.84,61.17,18.7,21.33,Queen palm,9/10/21
4,-117.928061,33.80742567,201.67,73.16,17.39,18.37,Mexican fan palm,9/10/21
5,-117.929117,33.80740087,147.3,20.56,17.72,19.03,Carrotwood,9/10/21
6,-117.928933,33.80740356,145.39,18.52,16.73,24.93,Dwarf fig tree,9/10/21
7,-117.915727,33.80758065,164.17,27.7,17.72,18.7,Western sycamore,9/10/21
8,-117.929014,33.8073988,157.37,30.45,18.37,19.03,Western sycamore,9/10/21
9,-117.928670,33.80740336,157.89,30.7,17.06,17.72,California palm,9/10/21
10,-117.928730,33.80739933,152.36,25.27,17.72,19.03,Queen palm,9/10/21
11,-117.929339,33.80738782,151.98,25.54,17.06,18.37,Mexican fan palm,9/10/21
12,-117.915800,33.80755761,163.75,27.62,18.37,20.34,Carrotwood,9/10/21
13,-117.915576,33.80754982,188.67,51.55,20.01,23.62,Dwarf fig tree,9/10/21
14,-117.915572,33.80755054,188.67,51.55,19.36,22.31,Western sycamore,9/10/21
15,-117.915709,33.80754091,170.96,34.17,18.37,19.03,Western sycamore,9/10/21
16,-117.915537,33.80754303,188.26,51.88,18.37,19.03,California palm,9/10/21
17,-117.915795,33.80752568,162.29,26.28,18.7,22.31,Queen palm,9/10/21
18,-117.928613,33.80735024,145.94,17.81,18.37,23.29,Mexican fan palm,9/10/21
19,-117.915658,33.8075237,166.89,29.57,18.7,20.34,Carrotwood,9/10/21
20,-117.915925,33.80751813,181.3,45.45,18.37,19.03,Dwarf fig tree,9/10/21
21,-117.915486,33.80751881,182.14,46.2,18.37,19.03,Western sycamore,9/10/21
22,-117.915799,33.80749331,162.16,26.22,18.7,31.5,Western sycamore,9/10/21
23,-117.915910,33.80747154,180.26,44.97,18.7,20.34,California palm,9/10/21
24,-117.914639,33.8074765,158.84,21.61,16.73,19.03,Queen palm,9/10/21
25,-117.915535,33.80746115,187.46,50.86,18.37,19.03,Mexican fan palm,9/10/21
26,-117.915799,33.8074544,164.13,28.22,18.37,19.03,Carrotwood,9/10/21
27,-117.915695,33.80745566,166.42,29.57,20.01,30.18,Dwarf fig tree,9/10/21
28,-117.915476,33.80745784,181.14,45.26,18.37,19.03,Western sycamore,9/11/21
29,-117.915655,33.80743799,172.36,34.98,18.37,19.03,Western sycamore,9/11/21
30,-117.915111,33.80744527,162.24,25.35,18.37,22.31,California palm,9/11/21
31,-117.914904,33.80744938,190.21,52.62,17.06,18.37,Queen palm,9/11/21
32,-117.915801,33.80742126,163.2,27.5,21,37.07,Mexican fan palm,9/11/21
33,-117.928606,33.8072434,145.99,17.44,18.7,22.97,Western sycamore,9/11/21
34,-117.914891,33.80742334,174.12,36.96,18.37,19.03,California palm,9/11/21
35,-117.914637,33.80742592,170.71,33.3,17.39,19.03,Queen palm,9/11/21
36,-117.915045,33.80741716,168.1,31.06,18.37,19.03,Mexican fan palm,9/11/21
37,-117.914951,33.80741893,171.37,34.21,18.04,19.03,Carrotwood,9/11/21
38,-117.914745,33.8074212,159.24,21.9,18.37,19.03,Dwarf fig tree,9/11/21
39,-117.916038,33.80739001,173.66,38.26,18.37,19.03,Western sycamore,9/11/21
40,-117.916097,33.80738563,163.37,28.41,17.39,19.69,Western sycamore,9/11/21
41,-117.915204,33.80739719,174.37,38.29,18.37,22.64,California palm,9/11/21
42,-117.915801,33.80738522,165.44,29.74,18.37,19.03,Queen palm,9/11/21
43,-117.915930,33.80738083,177.72,42.04,18.7,23.29,Mexican fan palm,9/11/21
44,-117.915705,33.8073808,166,29.36,18.04,19.03,Carrotwood,9/11/21
45,-117.915573,33.80737096,189.72,52.56,18.37,19.69,Dwarf fig tree,9/11/21
46,-117.915160,33.80736935,176.55,40.63,18.7,21,Western sycamore,9/11/21
47,-117.915916,33.80735553,177.42,41.89,20.34,24.93,Western sycamore,9/11/21
48,-117.915465,33.8073505,184.97,48.98,20.01,30.18,California palm,9/11/21
49,-117.915706,33.80734356,166.23,29.36,19.69,23.95,Queen palm,9/11/21
50,-117.915942,33.80732964,176.61,41.25,18.04,19.69,Mexican fan palm,9/11/21
51,-117.915533,33.80732803,189.64,52.96,18.37,19.69,Carrotwood,9/11/21
52,-117.915465,33.80732907,185.66,49.72,18.37,19.69,Dwarf fig tree,9/11/21
53,-117.928140,33.80715215,168.37,40.56,18.37,19.03,Western sycamore,9/11/21
54,-117.928583,33.80713197,146.6,18.41,18.04,21.98,Western sycamore,9/11/21
55,-117.915940,33.80729118,178.71,42.89,18.37,19.03,California palm,9/11/21
56,-117.928561,33.80710728,147.22,18.99,19.03,23.62,Queen palm,9/11/21
57,-117.927757,33.80711912,157.5,19.56,15.42,16.73,Mexican fan palm,9/11/21
58,-117.915957,33.8072578,177.82,42.51,18.7,19.69,Carrotwood,9/11/21
59,-117.928123,33.80709175,167.73,37.79,18.37,19.03,Dwarf fig tree,9/11/21
60,-117.928555,33.80707467,147.32,18.91,20.67,36.75,Western sycamore,9/11/21
61,-117.929334,33.80706131,153.86,27.26,16.4,17.72,Western sycamore,9/11/21
62,-117.927753,33.80707835,161.46,26.23,15.75,17.06,California palm,9/11/21
63,-117.928546,33.80702133,151.06,22.59,18.7,21.98,Queen palm,9/11/21
64,-117.916183,33.80717951,163.18,28.06,15.75,17.06,Mexican fan palm,9/11/21
65,-117.915991,33.80717863,174.91,39.75,18.37,19.03,Western sycamore,9/11/21
66,-117.928550,33.80698863,151.36,23.08,18.37,19.03,California palm,9/11/21
67,-117.916011,33.80715311,174.87,39.79,18.37,19.03,Queen palm,9/11/21
68,-117.928186,33.80698305,154.03,26.43,18.37,19.69,Mexican fan palm,9/11/21
69,-117.927563,33.80698406,156.41,24.94,16.73,17.72,Carrotwood,9/11/21
70,-117.916036,33.80712085,172.23,37.19,18.37,19.03,Dwarf fig tree,9/11/21
71,-117.928541,33.80694939,151.09,22.91,18.37,19.03,Western sycamore,9/11/21
72,-117.927621,33.80695871,153.99,22.68,18.37,19.03,Western sycamore,9/11/21
73,-117.928102,33.80693432,155.92,25.91,20.01,31.5,California palm,9/11/21
74,-117.928136,33.80691226,156.62,28.15,19.03,25.92,Queen palm,9/11/21
75,-117.915670,33.80707925,162.97,26.39,18.37,19.03,Mexican fan palm,9/11/21
76,-117.914883,33.80708927,169.77,33.89,19.36,26.9,Carrotwood,9/11/21
77,-117.928686,33.80690107,153.58,25.47,18.37,19.03,Dwarf fig tree,9/11/21
78,-117.928227,33.80690755,151.65,25.1,19.03,40.35,Western sycamore,9/11/21
79,-117.927866,33.80690853,146.39,17.65,19.69,32.15,Western sycamore,9/11/21
80,-117.927810,33.80690883,150.12,20.78,18.37,19.03,California palm,9/11/21
81,-117.929335,33.80687869,144.27,17.63,15.42,16.73,Queen palm,9/11/21
82,-117.928146,33.80689017,156.74,28.63,18.7,21.98,Mexican fan palm,9/11/21
83,-117.915734,33.80705697,161.18,24.85,18.37,19.69,Carrotwood,9/11/21
84,-117.914828,33.80706856,171.99,36.01,18.7,22.31,Dwarf fig tree,9/11/21
85,-117.914669,33.80707041,168.21,32.32,18.37,19.03,Western sycamore,9/11/21
86,-117.928038,33.80687771,148.85,20.72,17.39,19.03,Western sycamore,9/11/21
87,-117.914871,33.80705334,172.47,36.51,17.39,18.7,California palm,9/11/21
88,-117.914763,33.80705136,172.69,36.54,18.37,19.03,Queen palm,9/11/21
89,-117.928148,33.80686464,156.77,28.76,21,42.65,Mexican fan palm,9/11/21
90,-117.928233,33.8068207,159.16,32.9,17.72,19.03,Carrotwood,9/11/21
91,-117.928345,33.80681234,168.69,41.86,18.37,19.03,Dwarf fig tree,9/11/21
92,-117.928139,33.80681136,158.41,30.47,18.7,22.31,Western sycamore,9/11/21
93,-117.928049,33.80680202,149.57,20.83,18.37,19.03,Western sycamore,9/11/21
94,-117.928496,33.80678572,152,24.79,18.04,19.03,California palm,9/11/21
95,-117.915641,33.80693931,168.36,31.25,18.7,21.65,Queen palm,9/11/21
96,-117.915637,33.80693939,168.36,31.25,18.37,19.03,Mexican fan palm,9/11/21
97,-117.928133,33.80676878,159.17,31.33,18.37,19.03,Western sycamore,9/11/21
98,-117.928043,33.80676597,149.99,21.62,19.36,28.87,California palm,9/11/21
99,-117.928443,33.80675705,151.68,25.36,18.37,19.03,Queen palm,9/11/21
100,-117.928958,33.80674676,146.38,19.42,17.39,19.03,Mexican fan palm,9/11/21
101,-117.928227,33.80674551,158.48,32.07,18.37,19.03,Carrotwood,9/11/21
102,-117.928038,33.80674096,150.75,22.94,19.69,28.87,Dwarf fig tree,9/11/21
103,-117.916088,33.80688637,166.87,31.45,18.7,20.34,Western sycamore,9/11/21
104,-117.928137,33.80671832,158.99,31.03,18.7,21,Western sycamore,9/11/21
105,-117.928038,33.80671937,150.85,22.98,18.7,23.62,California palm,9/11/21
106,-117.915838,33.80687998,155.82,19.1,18.37,19.03,Queen palm,9/11/21
107,-117.928936,33.80670018,170.74,43.74,18.04,20.01,Mexican fan palm,9/11/21
108,-117.928308,33.80670159,161.99,35.19,17.72,19.03,Carrotwood,9/11/21
109,-117.914906,33.80686675,174.61,38.56,18.7,21.98,Dwarf fig tree,9/11/21
110,-117.928952,33.8066748,170.67,44.13,18.04,19.03,Western sycamore,9/11/21
111,-117.929171,33.80666527,147.7,21.22,18.04,19.03,Western sycamore,9/11/21
112,-117.914827,33.80685779,176.12,40.12,18.7,19.36,California palm,9/11/21
113,-117.928341,33.80666515,163.52,36.75,18.37,19.03,Queen palm,9/11/21
114,-117.928136,33.80666833,160.12,31.52,18.7,21,Mexican fan palm,9/11/21
115,-117.928089,33.80666506,157.62,29.48,18.37,19.03,Carrotwood,9/11/21
116,-117.914948,33.80684114,175.08,39.23,18.7,20.34,Dwarf fig tree,9/11/21
117,-117.929041,33.8066455,173.55,47.39,18.37,19.03,Western sycamore,9/11/21
118,-117.928534,33.80664885,152.85,25.06,18.37,19.03,Western sycamore,9/11/21
119,-117.914797,33.80682513,175.55,39.7,19.03,23.29,California palm,9/11/21
120,-117.928642,33.80663597,154.2,26.77,18.7,23.95,Queen palm,9/11/21
121,-117.914835,33.80682137,176.54,40.46,18.7,21.98,Mexican fan palm,9/11/21
122,-117.928033,33.80663772,151.04,23.36,18.37,28.87,Carrotwood,9/11/21
123,-117.915648,33.80679949,159.69,23.54,18.7,21.33,Dwarf fig tree,9/11/21
124,-117.928152,33.80661717,160.87,33.39,18.37,19.03,Western sycamore,9/11/21
125,-117.914642,33.80679494,163.6,26.73,17.39,19.03,Western sycamore,9/11/21
126,-117.914793,33.80678968,178.62,41.84,18.37,19.03,California palm,9/11/21
127,-117.928805,33.80659797,155.56,29.69,17.39,18.37,Queen palm,9/11/21
128,-117.915717,33.80677395,163.84,27.34,19.03,20.67,Mexican fan palm,9/11/21
129,-117.928844,33.80659431,155.35,29.58,18.7,24.93,Western sycamore,9/11/21
130,-117.915003,33.80677962,193.02,56.24,18.37,19.03,California palm,9/11/21
131,-117.914870,33.80678086,197.92,60.95,18.04,19.03,Queen palm,9/11/21
132,-117.928045,33.80659843,148.8,20.38,17.72,19.03,Mexican fan palm,9/11/21
133,-117.916080,33.80675845,157.96,22.29,18.37,19.03,Carrotwood,9/11/21
134,-117.914948,33.80677251,199.85,62.77,18.04,19.03,Dwarf fig tree,9/11/21
135,-117.915751,33.80675896,163.7,27.1,18.7,20.34,Western sycamore,9/11/21
136,-117.916128,33.80674233,170.42,35.36,16.73,17.72,Western sycamore,9/11/21
137,-117.928220,33.80656752,167.38,41.33,18.37,19.03,California palm,9/11/21
138,-117.928157,33.8065678,159.29,31.81,18.7,21,Queen palm,9/11/21
139,-117.915719,33.80673417,164.01,26.86,18.37,19.69,Mexican fan palm,9/11/21
140,-117.928322,33.80656161,167.36,40.81,18.37,19.36,Carrotwood,9/11/21
141,-117.928126,33.80655847,161.1,32.55,18.37,19.03,Dwarf fig tree,9/11/21
142,-117.928053,33.80655403,152.81,23.85,18.37,21.33,Western sycamore,9/11/21
143,-117.915560,33.80670762,183.87,47.4,18.04,21.33,Western sycamore,9/11/21
144,-117.916080,33.80668704,158.8,23.02,20.01,43.64,California palm,9/11/21
145,-117.928150,33.80651353,158.47,30.96,18.37,19.03,Queen palm,9/11/21
146,-117.915517,33.80666455,184.22,48.26,19.36,27.23,Mexican fan palm,9/11/21
147,-117.915693,33.80665846,160.75,23.76,18.37,19.69,Carrotwood,9/11/21
148,-117.928342,33.80648195,165.22,38.63,18.37,19.03,Dwarf fig tree,9/11/21
149,-117.915790,33.80664657,158.85,22.08,18.37,19.03,Western sycamore,9/11/21
150,-117.915181,33.80665499,182.21,46.88,16.73,17.72,Western sycamore,9/11/21
151,-117.928223,33.80647035,152.65,26.52,24.28,54.46,California palm,9/11/21
152,-117.915696,33.80663728,161.16,24.17,18.37,19.69,Queen palm,9/11/21
153,-117.915636,33.80663823,160.24,23.34,18.04,19.03,Mexican fan palm,9/11/21
154,-117.916073,33.80662836,163.23,28.13,18.37,19.03,Carrotwood,9/11/21
155,-117.915537,33.80663212,186.2,50.05,19.03,23.29,Dwarf fig tree,9/11/21
156,-117.928041,33.80646095,152.07,22.83,18.7,23.62,Western sycamore,9/11/21
157,-117.928148,33.80645253,157.91,30.17,18.37,19.03,Western sycamore,9/11/21
158,-117.928118,33.80644966,159.18,30.47,18.37,19.69,California palm,9/11/21
159,-117.915176,33.80660451,182.7,47.31,17.39,19.69,Queen palm,9/11/21
160,-117.928312,33.80642181,167.83,41.38,18.37,20.34,Mexican fan palm,9/11/21
161,-117.928346,33.80641832,167.68,41.13,18.7,23.62,Western sycamore,9/11/21
162,-117.915794,33.80657824,159.65,23.15,18.7,20.01,California palm,9/11/21
163,-117.915686,33.80656549,162.31,25.48,18.04,19.03,Queen palm,9/11/21
164,-117.928226,33.80639032,157.96,31.91,17.72,21,Mexican fan palm,9/11/21
165,-117.916051,33.80655349,166.04,30.49,18.7,21.65,Carrotwood,9/11/21
166,-117.915467,33.80654713,189.79,54.57,18.37,19.69,Dwarf fig tree,9/11/21
167,-117.928147,33.8063736,158,30.13,18.37,19.03,Western sycamore,9/11/21
168,-117.928341,33.80636407,165.6,39.09,18.7,20.34,Western sycamore,9/11/21
169,-117.928232,33.80636587,158.58,32.55,17.39,20.67,California palm,9/11/21
170,-117.915523,33.80653221,188.39,52.42,20.01,35.43,Queen palm,9/11/21
171,-117.928032,33.80636106,150.61,21.24,17.72,22.64,Mexican fan palm,9/11/21
172,-117.915180,33.80651844,177.46,42.24,17.39,19.03,Carrotwood,9/11/21
173,-117.928443,33.80633362,162.52,36.79,18.37,19.03,Dwarf fig tree,9/11/21
174,-117.915797,33.80650279,159.89,23.52,18.37,19.36,Western sycamore,9/11/21
175,-117.928156,33.80633376,157.72,30.17,19.03,23.29,Western sycamore,9/11/21
176,-117.916063,33.80648508,162.68,27.2,18.7,20.01,California palm,9/11/21
177,-117.915178,33.80648341,176.25,41.2,16.4,17.72,Queen palm,9/11/21
178,-117.928044,33.80630341,151.01,21.66,18.7,25.92,Mexican fan palm,9/11/21
179,-117.915487,33.80646743,191.56,56.22,19.69,27.23,Carrotwood,9/11/21
180,-117.915633,33.80646286,166.95,30.23,18.37,19.03,Dwarf fig tree,9/11/21
181,-117.915453,33.80646516,190.95,55.91,17.72,19.03,Western sycamore,9/11/21
182,-117.915546,33.80645972,192.9,57.11,20.34,33.79,Western sycamore,9/11/21
183,-117.928166,33.80626628,156.24,29.25,18.37,19.03,California palm,9/11/21
184,-117.915787,33.80642799,159.9,23.5,19.03,22.31,Queen palm,9/11/21
185,-117.928316,33.80623868,146.49,19.83,18.37,21.33,Mexican fan palm,9/11/21
186,-117.928347,33.8062346,146.42,20.03,18.04,19.03,Carrotwood,9/11/21
187,-117.915791,33.80640279,160.85,24.63,17.39,18.7,Dwarf fig tree,9/11/21
188,-117.916057,33.80638538,166.74,31.49,20.01,33.79,Western sycamore,9/11/21
189,-117.915476,33.80637442,188.7,53.83,18.37,20.01,Western sycamore,9/11/21
190,-117.915602,33.80636204,166.83,30.34,18.37,19.69,California palm,9/11/21
191,-117.916073,33.80634549,165.51,30.68,18.37,20.01,Queen palm,9/11/21
192,-117.915556,33.8063346,186.79,50.75,22.97,48.88,Mexican fan palm,9/11/21
193,-117.915522,33.80631674,186.72,51.2,19.03,22.31,Western sycamore,9/11/21
194,-117.928336,33.80614145,153.06,26.7,18.37,19.03,California palm,9/11/21
195,-117.928039,33.80614213,151.46,22.66,18.37,22.97,Queen palm,9/11/21
196,-117.915613,33.80630839,165.4,28.84,18.37,19.03,Mexican fan palm,9/11/21
197,-117.916038,33.80628855,160.28,24.97,18.37,20.34,Carrotwood,9/11/21
198,-117.928155,33.80612237,158.78,31.45,18.37,19.03,Dwarf fig tree,9/11/21
199,-117.915462,33.80629222,182.5,47.62,18.7,20.34,Western sycamore,9/11/21
200,-117.915535,33.80627081,185.2,49.69,26.9,56.1,Western sycamore,9/11/21
201,-117.915615,33.8062653,165.25,28.56,18.04,18.7,California palm,9/11/21
202,-117.916071,33.8062565,163.33,28.39,19.03,30.18,Queen palm,9/11/21
203,-117.915174,33.8062691,162.3,27.44,16.73,21.98,Mexican fan palm,9/11/21
204,-117.928549,33.80608548,167.2,39.17,17.72,20.34,Carrotwood,9/11/21
205,-117.915757,33.80624193,165.02,28.43,18.37,19.03,Dwarf fig tree,9/11/21
206,-117.928155,33.80606859,159.48,31.99,18.37,19.03,Western sycamore,9/11/21
207,-117.928051,33.80606666,150.41,21.84,19.69,27.56,Western sycamore,9/11/21
208,-117.928338,33.80605915,150.97,24.86,18.37,19.03,California palm,9/11/21
209,-117.916036,33.80622419,159.21,24.01,18.37,19.03,Queen palm,9/11/21
210,-117.915555,33.80622309,187.61,51.87,20.67,33.14,Mexican fan palm,9/11/21
211,-117.915529,33.80622318,187.45,51.92,19.36,22.31,Carrotwood,9/11/21
212,-117.915632,33.80621471,166.61,30.11,20.34,28.54,Dwarf fig tree,9/11/21
213,-117.915487,33.80621311,184.91,50.14,18.7,20.34,Western sycamore,9/11/21
214,-117.928111,33.80603413,159.76,31.23,18.37,20.01,Western sycamore,9/11/21
215,-117.915696,33.80619966,163.3,26.76,18.7,20.34,California palm,9/11/21
216,-117.928142,33.80602915,159.68,31.42,18.7,19.36,Queen palm,9/11/21
217,-117.928038,33.80603074,151.87,23.38,18.04,19.36,Mexican fan palm,9/11/21
218,-117.915189,33.80620335,177.56,42.72,16.73,19.03,Carrotwood,9/11/21
219,-117.915636,33.80618931,166.7,30.14,19.03,23.62,Dwarf fig tree,9/11/21
220,-117.915770,33.8061847,156.71,20.69,23.29,49.54,Western sycamore,9/11/21
221,-117.915532,33.80617694,182.77,47.22,20.67,40.68,Western sycamore,9/11/21
222,-117.928141,33.80600442,159.45,31.4,18.37,19.36,California palm,9/11/21
223,-117.916048,33.8061621,165.12,30.75,19.03,21.33,Queen palm,9/11/21
224,-117.928450,33.80598595,150.49,24.53,18.04,21,Mexican fan palm,9/11/21
225,-117.928320,33.80598717,160.49,34.5,18.37,19.03,Western sycamore,9/11/21
226,-117.928505,33.80597781,148.29,20.88,18.7,20.34,California palm,9/11/21
227,-117.915541,33.80614795,187.93,52.34,23.95,59.06,Queen palm,9/11/21
228,-117.928234,33.80597464,153.64,28.05,16.73,17.72,Mexican fan palm,9/11/21
229,-117.915748,33.8061344,164.56,27.89,18.7,22.97,Carrotwood,9/11/21
230,-117.928040,33.80595139,151.62,23.53,19.03,23.29,Dwarf fig tree,9/11/21
231,-117.915183,33.80611706,178.89,44.21,16.4,17.72,Western sycamore,9/11/21
232,-117.915729,33.80610185,166.38,29.93,18.37,19.03,Western sycamore,9/11/21
233,-117.916051,33.80609418,166.12,31.76,18.04,21.65,California palm,9/11/21
234,-117.915184,33.80609516,179.15,44.52,17.39,19.69,Queen palm,9/11/21
235,-117.915767,33.80608091,165.21,29.22,18.7,22.31,Mexican fan palm,9/11/21
236,-117.928324,33.8059087,168.57,42.69,18.37,19.03,Carrotwood,9/11/21
237,-117.915548,33.80606856,186.03,50.48,18.7,23.62,Dwarf fig tree,9/11/21
238,-117.928160,33.80588896,153.42,26.67,19.69,28.87,Western sycamore,9/11/21
239,-117.915488,33.80604465,187.97,53.43,18.7,21.33,Western sycamore,9/11/21
240,-117.915758,33.80603446,164.14,28.07,18.37,19.03,California palm,9/11/21
241,-117.928151,33.80586425,154.32,27.28,18.7,21.98,Queen palm,9/11/21
242,-117.916011,33.80602393,166.97,32.01,18.7,20.34,Mexican fan palm,9/11/21
243,-117.928451,33.80585287,158.72,33.25,17.39,19.03,Carrotwood,9/11/21
244,-117.915599,33.80602567,165.69,29.9,18.37,19.03,Dwarf fig tree,9/11/21
245,-117.915552,33.80602203,186.01,50.49,24.93,45.6,Western sycamore,9/11/21
246,-117.928223,33.80584865,158,32.34,18.04,19.03,Western sycamore,9/11/21
247,-117.915646,33.80601734,163.53,27.35,19.03,21.33,California palm,9/11/21
248,-117.928326,33.80584068,171.17,45.09,19.36,21.98,Queen palm,9/11/21
249,-117.915512,33.80600867,186.47,51.22,19.69,24.93,Mexican fan palm,9/11/21
250,-117.928309,33.80580509,171.56,45.55,18.04,19.03,Carrotwood,9/11/21
251,-117.928347,33.8058003,171.15,45.29,18.37,19.03,Dwarf fig tree,9/11/21
252,-117.916028,33.80595909,167.68,33.56,18.37,19.03,Western sycamore,9/11/21
253,-117.928050,33.80578339,152.9,25.18,18.7,23.29,Western sycamore,9/11/21
254,-117.915490,33.80595138,192.77,58.5,18.37,19.03,California palm,9/11/21
255,-117.928501,33.80575998,148.6,22.44,18.37,19.03,Queen palm,9/11/21
256,-117.928127,33.80575752,159.02,31.96,18.7,21,Mexican fan palm,9/11/21
257,-117.928311,33.80574367,165.71,39.73,17.72,19.03,Western sycamore,9/11/21
258,-117.928237,33.8057344,161.35,35.83,17.06,17.72,California palm,9/11/21
259,-117.915472,33.80590556,191.26,56.98,18.37,19.03,Queen palm,9/11/21
260,-117.928208,33.80572764,162.15,35.85,18.7,21.65,Mexican fan palm,9/11/21
261,-117.915738,33.80589486,154.22,18.37,18.37,20.34,Carrotwood,9/11/21
262,-117.928127,33.80572518,160.05,32.96,19.69,25.92,Dwarf fig tree,9/11/21
263,-117.928323,33.80571846,167.13,41.24,18.37,19.69,Western sycamore,9/11/21
264,-117.928131,33.80570323,160.48,33.53,18.37,19.69,Western sycamore,9/11/21
265,-117.928036,33.80569723,150.61,23.4,18.37,20.34,California palm,9/11/21
266,-117.915487,33.80586239,187.73,53.48,18.7,21,Queen palm,9/11/21
267,-117.915184,33.80585916,174.93,40.61,18.7,55.12,Mexican fan palm,9/11/21
268,-117.915741,33.80584341,153.76,18,18.04,20.67,Carrotwood,9/11/21
269,-117.928151,33.80566663,160.05,33.25,18.7,20.01,Dwarf fig tree,9/11/21
270,-117.915556,33.80583705,183.11,47.82,21,48.23,Western sycamore,9/11/21
271,-117.916004,33.8058263,169.32,34.53,18.37,19.03,Western sycamore,9/11/21
272,-117.928326,33.80564268,173.98,48.22,18.37,19.03,California palm,9/11/21
273,-117.928044,33.80564633,149.28,22.25,18.37,21,Queen palm,9/11/21
274,-117.928129,33.8056354,160.43,33.82,18.7,23.29,Mexican fan palm,9/11/21
275,-117.915718,33.80577951,158.33,22.06,18.37,19.03,Carrotwood,9/11/21
276,-117.928038,33.80561111,150.78,23.79,18.37,20.34,Dwarf fig tree,9/11/21
277,-117.915190,33.805783,177,42.73,17.06,19.03,Western sycamore,9/11/21
278,-117.915478,33.80577643,175.11,41.01,18.37,19.69,Western sycamore,9/11/21
279,-117.915637,33.80576653,160.24,24.42,19.69,28.87,California palm,9/11/21
280,-117.928227,33.80559127,163.94,38.59,18.04,19.03,Queen palm,9/11/21
281,-117.928140,33.80559156,160.94,34.5,18.37,19.36,Mexican fan palm,9/11/21
282,-117.915537,33.8057529,182.81,47.53,18.7,22.31,Carrotwood,9/11/21
283,-117.928312,33.80557542,171.14,45.33,18.7,19.69,Dwarf fig tree,9/11/21
284,-117.915193,33.80572524,177.49,43.38,17.39,23.62,Western sycamore,9/11/21
285,-117.928050,33.80555081,153.71,27.11,18.7,21,Western sycamore,9/11/21
286,-117.915533,33.80570634,184.64,49.54,20.34,35.43,California palm,9/11/21
287,-117.915498,33.80570736,182.57,47.88,19.03,25.92,Queen palm,9/11/21
288,-117.915713,33.80570056,155.61,19.46,19.69,31.5,Mexican fan palm,9/11/21
289,-117.928046,33.80552949,153.72,27.23,18.7,22.31,Western sycamore,9/11/21
290,-117.916001,33.80568282,165.12,30.7,18.37,19.03,California palm,9/11/21
291,-117.915189,33.80569411,179.97,46,17.39,19.03,Queen palm,9/11/21
292,-117.928123,33.80551293,158.83,32.37,19.36,31.5,Mexican fan palm,9/11/21
293,-117.915329,33.80568105,180.66,45.87,18.7,23.95,Carrotwood,9/11/21
294,-117.915472,33.80567575,181.36,47.36,18.7,20.34,Dwarf fig tree,9/11/21
295,-117.915291,33.80567775,180.93,46.38,18.37,19.03,Western sycamore,9/11/21
296,-117.915514,33.80567095,182.11,47.21,21.33,30.51,Western sycamore,9/11/21
297,-117.915707,33.80565423,156.47,20.41,18.37,19.36,California palm,9/11/21
298,-117.928225,33.80548345,165.55,40.3,17.72,19.03,Queen palm,9/11/21
299,-117.928053,33.80548529,151.84,25.23,20.67,49.54,Mexican fan palm,9/11/21
300,-117.915990,33.80562931,163.12,28.59,18.37,19.03,Carrotwood,9/11/21
301,-117.915325,33.805634,184.54,50,21,39.7,Dwarf fig tree,9/11/21
302,-117.928434,33.80545224,154.51,29.39,18.37,19.69,Western sycamore,9/11/21
303,-117.915553,33.80562452,179.59,44.6,20.67,54.46,Western sycamore,9/11/21
304,-117.928137,33.80544116,160.07,33.73,18.37,19.03,California palm,9/11/21
305,-117.915325,33.80561256,184.84,50.36,18.37,19.03,Queen palm,9/11/21
306,-117.928323,33.80543538,163.14,37.35,19.03,21.33,Mexican fan palm,9/11/21
307,-117.915638,33.80560455,159.18,23.5,19.36,27.23,Carrotwood,9/11/21
308,-117.915177,33.80560356,175.15,41.35,17.39,20.34,Dwarf fig tree,9/11/21
309,-117.928516,33.8054213,163.89,36.88,18.37,19.03,Western sycamore,9/11/21
310,-117.915272,33.80559888,185.31,50.93,18.37,21.33,Western sycamore,9/11/21
311,-117.928310,33.80541369,164.62,38.95,18.04,19.03,California palm,9/11/21
312,-117.915177,33.80557902,177.68,43.83,17.39,19.03,Queen palm,9/11/21
313,-117.928348,33.80539915,164.49,38.85,18.37,19.03,Mexican fan palm,9/11/21
314,-117.915972,33.80556427,159.7,25.09,18.37,19.03,Carrotwood,9/11/21
315,-117.915289,33.8055664,185.09,50.63,18.37,19.03,Dwarf fig tree,9/11/21
316,-117.915337,33.80554077,184.76,50.12,18.37,19.03,Western sycamore,9/11/21
317,-117.928111,33.80536663,157.65,30.97,18.7,20.01,Western sycamore,9/11/21
318,-117.928342,33.80536066,165.42,39.83,18.37,19.03,California palm,9/11/21
319,-117.928235,33.80535759,157.93,32.62,17.72,19.69,Queen palm,9/11/21
320,-117.928051,33.80535992,152.83,25.99,18.37,19.03,Mexican fan palm,9/11/21
321,-117.915171,33.80552859,177.97,44.17,17.06,19.03,Western sycamore,9/11/21
322,-117.915284,33.80551291,183.94,49.64,18.04,19.03,California palm,9/11/21
323,-117.915984,33.80549994,162.71,28.29,18.37,19.03,Queen palm,9/11/21
324,-117.915610,33.80549764,163.47,28.07,18.04,19.03,Mexican fan palm,9/11/21
325,-117.928132,33.80532679,157.69,31.22,18.37,19.03,Carrotwood,9/11/21
326,-117.916013,33.80548928,164.59,29.92,19.03,43.31,Dwarf fig tree,9/11/21
327,-117.915541,33.80548739,187.93,53.08,22.64,47.24,Western sycamore,9/11/21
328,-117.915700,33.8054745,158.76,23.23,18.37,19.36,Western sycamore,9/11/21
329,-117.928037,33.80529593,150.67,23.82,18.04,23.29,California palm,9/11/21
330,-117.928131,33.80529124,157.75,31.33,18.37,19.03,Queen palm,9/11/21
331,-117.928306,33.80527716,157.84,32.2,18.37,20.34,Mexican fan palm,9/11/21
332,-117.915957,33.80543925,168.16,33.72,18.37,19.03,Carrotwood,9/11/21
333,-117.915540,33.80543404,190.9,56.1,18.37,19.03,Dwarf fig tree,9/11/21
334,-117.915295,33.80543717,186.75,52.44,18.37,19.03,Western sycamore,9/11/21
335,-117.915489,33.80543094,177.53,43.23,18.37,19.03,Western sycamore,9/11/21
336,-117.928126,33.80525122,158.79,32.36,18.37,19.03,California palm,9/11/21
337,-117.915192,33.80542418,178.33,44.59,16.4,19.03,Queen palm,9/11/21
338,-117.928336,33.805245,158.79,33.3,18.37,19.03,Mexican fan palm,9/11/21
339,-117.915339,33.80541569,186.59,52.24,18.37,20.01,Carrotwood,9/11/21
340,-117.915312,33.80540871,186.5,52.27,18.37,19.03,Dwarf fig tree,9/11/21
341,-117.928491,33.80522143,159.51,33.48,18.7,21.98,Western sycamore,9/11/21
342,-117.915702,33.80538511,159.43,24.01,18.37,19.03,Western sycamore,9/11/21
343,-117.928323,33.80521278,160.07,34.56,18.37,19.03,California palm,9/11/21
344,-117.928035,33.80520972,151.61,24.71,17.39,19.03,Queen palm,9/11/21
345,-117.915964,33.80536715,165.78,31,18.37,19.03,Mexican fan palm,9/11/21
346,-117.928120,33.80520079,159.8,33.3,18.7,20.34,Carrotwood,9/11/21
347,-117.915998,33.80535382,164.68,30.2,21.65,43.96,Dwarf fig tree,9/11/21
348,-117.915534,33.80535845,181.73,47.11,22.64,53.81,Western sycamore,9/11/21
349,-117.915290,33.80535507,185.61,51.52,26.25,53.81,Western sycamore,9/11/21
350,-117.928141,33.80517186,159.87,33.17,18.7,20.34,California palm,9/11/21
351,-117.928330,33.80515518,161.34,35.6,18.37,19.03,Queen palm,9/11/21
352,-117.928038,33.80515184,150.98,23.97,18.7,30.18,Mexican fan palm,9/11/21
353,-117.915667,33.80531371,158.65,23.12,18.37,19.03,Western sycamore,9/11/21
354,-117.915980,33.80530564,167.85,33.2,18.04,19.36,California palm,9/11/21
355,-117.915701,33.8053098,158.52,23.23,19.03,23.95,Queen palm,9/11/21
356,-117.928123,33.80512219,160.09,33.2,18.37,19.03,Mexican fan palm,9/11/21
357,-117.928217,33.8051028,162.93,37.78,18.37,23.29,Carrotwood,9/11/21
358,-117.915313,33.80527171,187.7,53.69,18.37,19.69,Dwarf fig tree,9/11/21
359,-117.928440,33.80508892,153.01,28.1,18.37,19.03,Western sycamore,9/11/21
360,-117.915529,33.80526196,194.43,59.9,18.04,19.03,Western sycamore,9/11/21
361,-117.915679,33.80525629,157.8,22.42,18.37,19.03,California palm,9/11/21
362,-117.915954,33.8052423,164.52,30.16,18.37,19.03,Queen palm,9/11/21
363,-117.928333,33.80506139,161.4,36.01,18.37,19.03,Mexican fan palm,9/11/21
364,-117.928331,33.80502898,160.88,35.51,19.03,27.56,Carrotwood,9/11/21
365,-117.928236,33.8050235,154.66,29.57,18.04,21,Dwarf fig tree,9/11/21
366,-117.915956,33.80517032,161.46,27.34,18.37,19.03,Western sycamore,9/11/21
367,-117.915677,33.80516994,159.11,24.02,18.37,19.69,Western sycamore,9/11/21
368,-117.928048,33.80499347,147.94,20.3,19.03,27.23,California palm,9/11/21
369,-117.915304,33.80516525,183.94,50.23,20.01,43.64,Queen palm,9/11/21
370,-117.915192,33.80516014,181.36,48.12,17.06,18.37,Mexican fan palm,9/11/21
371,-117.915647,33.80514906,160.3,25.01,18.7,21.98,Carrotwood,9/11/21
372,-117.915677,33.80512307,160.08,24.96,18.7,22.31,Dwarf fig tree,9/11/21
373,-117.928107,33.80494988,152.73,25.49,18.37,19.03,Western sycamore,9/11/21
374,-117.928210,33.80493874,150.84,25.57,16.08,17.72,Western sycamore,9/11/21
375,-117.915319,33.80511007,185.26,51.29,19.69,23.62,California palm,9/11/21
376,-117.915938,33.80509484,166.12,31.58,19.03,22.97,Queen palm,9/11/21
377,-117.915281,33.80509321,185.88,52.19,18.37,19.03,Mexican fan palm,9/11/21
378,-117.928433,33.80491311,154.07,29.25,18.37,19.03,Carrotwood,9/11/21
379,-117.928321,33.80490732,146.82,21.27,18.37,19.03,Dwarf fig tree,9/11/21
380,-117.915197,33.80508365,183.8,50.68,16.73,19.03,Western sycamore,9/11/21
381,-117.915344,33.80507782,185.01,50.99,19.03,23.62,Western sycamore,9/11/21
382,-117.915507,33.80507209,188.8,54.9,18.37,19.03,California palm,9/11/21
383,-117.915472,33.80506542,188.02,54.94,18.37,19.03,Queen palm,9/11/21
384,-117.928475,33.80488741,152.91,27.5,18.37,19.03,Mexican fan palm,9/11/21
385,-117.915263,33.80506093,186.32,52.78,19.03,27.56,Western sycamore,9/11/21
386,-117.915679,33.80504848,156.59,21.81,18.37,19.03,California palm,9/11/21
387,-117.915300,33.80504621,185.6,51.57,19.69,27.56,Queen palm,9/11/21
388,-117.915948,33.80503371,158.66,24.73,16.4,19.03,Mexican fan palm,9/11/21
389,-117.915502,33.805036,188.86,55.29,18.37,19.03,Carrotwood,9/11/21
390,-117.928044,33.80485033,149.03,21.26,19.03,23.29,Dwarf fig tree,9/11/21
391,-117.915321,33.80501674,185.47,51.39,19.03,22.31,Western sycamore,9/11/21
392,-117.928114,33.80484193,155.73,28.27,18.7,20.34,Western sycamore,9/11/21
393,-117.915704,33.80500811,157.81,23.24,18.37,19.03,California palm,9/11/21
394,-117.928140,33.80483824,154.66,27.96,18.7,20.01,Queen palm,9/11/21
395,-117.915192,33.80500784,182.81,49.73,16.08,17.72,Mexican fan palm,9/11/21
396,-117.928314,33.8048265,146.13,20.65,18.37,19.03,Carrotwood,9/11/21
397,-117.928117,33.80481708,155.22,28,18.7,21,Dwarf fig tree,9/11/21
398,-117.915694,33.80498345,158.58,23.27,18.7,21,Western sycamore,9/11/21
399,-117.915988,33.80497235,162.34,28.37,18.37,19.03,Western sycamore,9/11/21
400,-117.915497,33.80497932,188.52,55.21,18.7,23.29,California palm,9/11/21
401,-117.915316,33.80497036,186.06,52.1,19.03,21.33,Queen palm,9/11/21
402,-117.915286,33.80497085,186.06,52.15,19.36,23.62,Mexican fan palm,9/11/21
403,-117.915193,33.80497223,182.59,49.59,16.73,21,Carrotwood,9/11/21
404,-117.915449,33.80496114,188.8,55.9,18.7,23.95,Dwarf fig tree,9/11/21
405,-117.915488,33.80495371,188.71,55.54,18.7,21.98,Western sycamore,9/11/21
406,-117.928481,33.80476587,157.18,31.57,16.08,17.72,Western sycamore,9/11/21
407,-117.916008,33.80493249,166.37,32.52,18.37,19.03,California palm,9/11/21
408,-117.915737,33.8049295,160.12,25.47,18.7,20.34,Queen palm,9/11/21
409,-117.928310,33.8047542,146.04,20.66,18.04,19.03,Mexican fan palm,9/11/21
410,-117.928111,33.80474622,150.14,22.73,24.93,47.9,Carrotwood,9/11/21
411,-117.915277,33.80490994,180.68,47.38,20.67,59.06,Dwarf fig tree,9/11/21
412,-117.916118,33.80489514,160.59,26.56,18.04,19.69,Western sycamore,9/11/21
413,-117.915753,33.80490022,159.14,24.56,22.31,37.4,Western sycamore,9/11/21
414,-117.915645,33.80488732,165.74,31.13,18.37,19.36,California palm,9/11/21
415,-117.917501,33.80485902,159.29,26.61,18.04,18.7,Queen palm,9/11/21
416,-117.915490,33.80488561,181.98,48.89,18.7,20.67,Mexican fan palm,9/11/21
417,-117.915349,33.8048876,178.98,45.2,19.36,27.89,Western sycamore,9/11/21
418,-117.928167,33.80471294,151.37,25.71,18.37,19.36,California palm,9/11/21
419,-117.916200,33.80486893,159.63,25.97,18.04,19.03,Queen palm,9/11/21
420,-117.915525,33.80487757,183.66,49.7,18.37,19.03,Mexican fan palm,9/11/21
421,-117.915307,33.80488187,181.27,47.46,18.7,20.34,Carrotwood,9/11/21
422,-117.917072,33.80485387,155.7,22.69,18.7,29.2,Dwarf fig tree,9/11/21
423,-117.916693,33.80485951,149.88,16.63,17.06,18.37,Western sycamore,9/11/21
424,-117.917029,33.80485061,160.48,27.47,18.04,19.03,Western sycamore,9/11/21
425,-117.928217,33.80469731,145.1,20.11,17.06,19.69,California palm,9/11/21
426,-117.916981,33.80484754,155.84,22.85,18.37,32.15,Queen palm,9/11/21
427,-117.917157,33.80484212,158.82,26,17.72,19.03,Mexican fan palm,9/11/21
428,-117.916818,33.8048429,157.31,24.55,19.03,21.65,Carrotwood,9/11/21
429,-117.916371,33.8048491,160.14,26.89,18.37,19.03,Dwarf fig tree,9/11/21
430,-117.928154,33.80468711,150.99,25.01,19.03,23.95,Western sycamore,9/11/21
431,-117.917594,33.80482956,161.42,29.04,18.37,19.03,Western sycamore,9/11/21
432,-117.916886,33.8048381,156.15,23.33,18.37,19.03,California palm,9/11/21
433,-117.916745,33.80484016,158.67,25.76,17.39,18.7,Queen palm,9/11/21
434,-117.916281,33.80484285,159.5,26.17,18.37,19.03,Mexican fan palm,9/11/21
435,-117.928119,33.80468042,152.45,25.46,31.5,59.06,Carrotwood,9/11/21
436,-117.915266,33.80485315,180.35,47.25,17.39,19.69,Dwarf fig tree,9/11/21
437,-117.917652,33.80480765,157.77,43.72,18.37,19.03,Western sycamore,9/11/21
438,-117.928325,33.80466004,147.45,21.7,18.37,19.03,Western sycamore,9/11/21
439,-117.928123,33.80464469,156.3,29.13,18.7,21,California palm,9/11/21
440,-117.915550,33.80480599,184.68,51.03,19.36,27.56,Queen palm,9/11/21
441,-117.928037,33.80463515,148.52,21.12,18.37,23.29,Mexican fan palm,9/11/21
442,-117.915700,33.80479828,161.8,27.48,18.37,21.33,Carrotwood,9/11/21
443,-117.915299,33.80480165,187.36,53.66,19.03,26.25,Dwarf fig tree,9/11/21
444,-117.915661,33.80479347,162.57,28.29,18.04,19.03,Western sycamore,9/11/21
445,-117.915489,33.80478854,185.12,52.35,18.37,19.03,Western sycamore,9/11/21
446,-117.928200,33.8046151,149.29,23.89,18.04,19.03,California palm,9/11/21
447,-117.928130,33.80460878,156.84,29.99,19.03,25.92,Queen palm,9/11/21
448,-117.928040,33.80460702,149.47,22.17,18.04,19.03,Mexican fan palm,9/11/21
449,-117.928323,33.80458825,148.54,22.8,19.36,22.31,Western sycamore,9/11/21
450,-117.928139,33.80458044,155.89,29.52,18.37,19.03,California palm,9/11/21
451,-117.915312,33.80475162,186.89,53.23,27.56,53.15,Queen palm,9/11/21
452,-117.917751,33.80470139,162.4,29.9,18.04,19.03,Mexican fan palm,9/11/21
453,-117.915626,33.80472997,165.19,31.27,18.37,21,Carrotwood,9/11/21
454,-117.915501,33.80472781,185.14,52.37,18.37,19.03,Dwarf fig tree,9/11/21
455,-117.928512,33.80453921,155.5,29.58,18.37,19.03,Western sycamore,9/11/21
456,-117.928031,33.80454564,145.79,18.51,18.37,23.29,Western sycamore,9/11/21
457,-117.915496,33.80470261,184.97,52.2,19.03,22.31,California palm,9/11/21
458,-117.928439,33.80451928,157.66,32.65,18.37,19.03,Queen palm,9/11/21
459,-117.915315,33.8046905,184.72,51.16,21.33,40.35,Mexican fan palm,9/11/21
460,-117.928327,33.80449876,147.11,21.48,18.37,19.69,Carrotwood,9/11/21
461,-117.915272,33.80466619,184.66,51.65,18.37,19.03,Dwarf fig tree,9/11/21
462,-117.916057,33.80464489,161.95,28.38,19.36,23.95,Western sycamore,9/11/21
463,-117.915658,33.80465023,165.03,31.42,19.69,29.53,Western sycamore,9/11/21
464,-117.915877,33.80464319,161.79,28.03,18.37,20.01,California palm,9/11/21
465,-117.917852,33.80461377,158.31,25.56,18.37,19.03,Queen palm,9/11/21
466,-117.917199,33.8046226,164.34,32.45,18.37,19.03,Mexican fan palm,9/11/21
467,-117.928111,33.80447282,152.07,25.31,18.37,19.03,Carrotwood,9/11/21
468,-117.917286,33.80461783,167.08,35.06,18.37,19.03,Dwarf fig tree,9/11/21
469,-117.916913,33.80462247,159.87,27.93,18.7,23.95,Western sycamore,9/11/21
470,-117.916011,33.80463608,162.37,28.45,18.04,18.7,Western sycamore,9/11/21
471,-117.915517,33.80464146,181.35,48.34,18.7,20.01,California palm,9/11/21
472,-117.917114,33.80461635,160.38,28.57,18.37,19.69,Queen palm,9/11/21
473,-117.916642,33.80462278,160.27,28.19,18.37,19.03,Mexican fan palm,9/11/21
474,-117.916152,33.80462996,163.29,30.29,18.7,21,Carrotwood,9/11/21
475,-117.916101,33.80462969,164.05,30.04,18.37,19.69,Dwarf fig tree,9/11/21
476,-117.917345,33.80460956,164.98,33.13,18.37,19.03,Western sycamore,9/11/21
477,-117.917012,33.80461403,161.33,29.47,18.37,19.03,Western sycamore,9/11/21
478,-117.916853,33.80461627,157.31,25.3,21.65,58.73,California palm,9/11/21
479,-117.915929,33.80462828,163.7,29.56,18.37,19.03,Queen palm,9/11/21
480,-117.915820,33.80463031,166.04,31.98,18.37,19.03,Mexican fan palm,9/11/21
481,-117.917445,33.80460484,165.05,32.75,18.7,20.34,Western sycamore,9/11/21
482,-117.915773,33.80462676,163.63,29.62,18.37,19.03,California palm,9/11/21
483,-117.915307,33.80463288,189.52,56.05,18.37,19.03,Queen palm,9/11/21
484,-117.917410,33.80460158,165.07,32.81,18.37,19.03,Mexican fan palm,9/11/21
485,-117.916956,33.80460044,161.61,28.93,18.7,20.01,Carrotwood,9/11/21
486,-117.916767,33.80460306,165.73,32.98,18.37,19.03,Dwarf fig tree,9/11/21
487,-117.916560,33.80460572,162.19,29.47,18.7,20.34,Western sycamore,9/11/21
488,-117.916358,33.80460832,162.87,29.77,18.37,19.36,Western sycamore,9/11/21
489,-117.915667,33.80461767,165.17,31.29,19.03,29.2,California palm,9/11/21
490,-117.928311,33.80444174,152.26,27.12,18.37,19.03,Queen palm,9/11/21
491,-117.916620,33.80459458,161.32,28.24,18.37,19.03,Mexican fan palm,9/11/21
492,-117.917882,33.80457389,160.45,27.67,18.37,19.03,Carrotwood,9/11/21
493,-117.916134,33.80459719,164.43,30.8,18.37,19.69,Dwarf fig tree,9/11/21
494,-117.915560,33.804605,179.83,46.31,18.7,21.98,Western sycamore,9/11/21
495,-117.915502,33.80460172,181.81,49.23,18.37,19.03,Western sycamore,9/11/21
496,-117.928044,33.80442063,149.14,21.95,25.92,58.73,California palm,9/11/21
497,-117.928106,33.80441545,151.31,24.27,21,38.39,Queen palm,9/11/21
498,-117.928204,33.80440656,151.13,25.94,17.39,18.7,Mexican fan palm,9/11/21
499,-117.915622,33.80457162,198.97,65.06,19.03,31.17,Carrotwood,9/11/21
500,-117.915579,33.80456152,199.71,66.21,18.37,19.03,Dwarf fig tree,9/11/21
501,-117.917954,33.80452588,158.47,25.49,19.03,27.23,Western sycamore,9/11/21
502,-117.928044,33.80436228,148.78,21.67,20.34,45.28,Western sycamore,9/11/21
503,-117.915488,33.80452722,191.78,59.17,18.37,19.03,California palm,9/11/21
504,-117.928125,33.80435464,152.17,25.81,18.37,19.03,Queen palm,9/11/21
505,-117.915612,33.80452145,194.79,61.04,18.37,19.03,Mexican fan palm,9/11/21
506,-117.928315,33.80434421,157.34,32.51,18.37,19.03,Carrotwood,9/11/21
507,-117.917146,33.80449355,168.1,34.41,17.06,20.67,Dwarf fig tree,9/11/21
508,-117.928215,33.80434201,150.88,26.35,17.06,18.7,Western sycamore,9/11/21
509,-117.928087,33.80433331,152.68,25.79,18.7,20.34,Western sycamore,9/11/21
510,-117.917047,33.80448101,170.25,37.09,17.72,18.7,California palm,9/11/21
511,-117.916759,33.80448499,165.67,32.21,18.7,21.98,Queen palm,9/11/21
512,-117.916665,33.80448548,163.54,30.21,18.04,19.03,Mexican fan palm,9/11/21
513,-117.916584,33.80448334,177.64,44.32,18.37,19.03,Western sycamore,9/11/21
514,-117.918008,33.80446048,158.31,25.55,18.37,19.69,California palm,9/11/21
515,-117.915792,33.80448692,158.24,25.1,17.06,17.72,Queen palm,9/11/21
516,-117.917317,33.80445942,206.27,72.49,20.01,28.87,Mexican fan palm,9/11/21
517,-117.916309,33.80447265,174.36,41.31,18.04,19.03,Carrotwood,9/11/21
518,-117.915617,33.80448204,169.96,36.16,18.37,19.03,Dwarf fig tree,9/11/21
519,-117.917244,33.80445834,199.81,66.37,16.4,17.72,Western sycamore,9/11/21
520,-117.916132,33.80447157,181.72,48.07,18.37,19.69,Western sycamore,9/11/21
521,-117.916711,33.80446155,181.82,48.49,15.42,16.73,California palm,9/11/21
522,-117.916274,33.80446707,175.43,41.98,18.7,22.31,Queen palm,9/11/21
523,-117.915965,33.80446707,154.56,21.43,18.7,20.34,Mexican fan palm,9/11/21
524,-117.928086,33.80430053,152.19,25.11,18.7,21.33,Carrotwood,9/11/21
525,-117.928034,33.80430131,147.84,20.92,18.37,20.34,Dwarf fig tree,9/11/21
526,-117.916845,33.8044514,151.57,18.12,18.04,18.7,Western sycamore,9/11/21
527,-117.916965,33.80444596,151.76,18.08,18.37,19.03,Western sycamore,9/11/21
528,-117.918061,33.80440985,158.81,26.24,18.04,19.03,California palm,9/11/21
529,-117.928305,33.80425526,155.16,30.12,18.37,19.03,Queen palm,9/11/21
530,-117.917548,33.80439883,174.43,42.4,18.37,19.03,Mexican fan palm,9/11/21
531,-117.915718,33.80442345,155.51,22.37,18.7,20.01,Carrotwood,9/11/21
532,-117.918093,33.80438861,164.93,32.3,18.04,20.67,Dwarf fig tree,9/11/21
533,-117.928046,33.80424755,150.05,23.07,23.95,46.59,Western sycamore,9/12/21
534,-117.915666,33.804406,156.22,23.09,18.7,19.36,Western sycamore,9/12/21
535,-117.928196,33.80423474,147.43,22.41,18.04,18.7,California palm,9/12/21
536,-117.917372,33.80437983,170.69,37.37,17.06,17.72,Queen palm,9/12/21
537,-117.916413,33.80436415,173.27,39.94,18.7,21,Mexican fan palm,9/12/21
538,-117.916001,33.80436957,173.83,40.51,18.7,20.34,Carrotwood,9/12/21
539,-117.928097,33.80420522,151.51,24.8,21,55.12,Dwarf fig tree,9/12/21
540,-117.917534,33.80434508,207.44,75.06,18.37,19.03,Western sycamore,9/12/21
541,-117.915880,33.80436718,174.68,41.16,18.7,21.98,Western sycamore,9/12/21
542,-117.915596,33.80437126,155.61,22.41,18.37,20.34,California palm,9/12/21
543,-117.916448,33.80434886,173.31,39.82,18.7,20.01,Queen palm,9/12/21
544,-117.916100,33.8043502,176.14,42.82,18.37,19.03,Mexican fan palm,9/12/21
545,-117.916679,33.804339,158.3,24.93,18.37,19.03,Western sycamore,9/12/21
546,-117.915872,33.80434606,174.39,41.18,19.03,23.29,California palm,9/12/21
547,-117.916306,33.80433655,168.1,34.72,18.04,19.03,Queen palm,9/12/21
548,-117.917216,33.80432104,157.04,22.94,18.37,19.03,Mexican fan palm,9/12/21
549,-117.916611,33.80432915,164.79,31.56,16.73,17.72,Carrotwood,9/12/21
550,-117.915733,33.80433354,172,38.56,18.37,19.03,Dwarf fig tree,9/12/21
551,-117.918174,33.80429692,157.37,25.39,18.37,22.31,Western sycamore,9/12/21
552,-117.917026,33.80430521,158.74,24.51,18.37,19.03,Western sycamore,9/12/21
553,-117.917142,33.80430063,164.48,30.45,17.06,17.72,California palm,9/12/21
554,-117.917373,33.80429434,166.09,32.9,17.72,18.37,Queen palm,9/12/21
555,-117.917090,33.80429719,160.45,25.93,18.37,20.01,Mexican fan palm,9/12/21
556,-117.916137,33.80430664,170.87,40.94,21.33,37.07,Carrotwood,9/12/21
557,-117.916111,33.80430694,175.96,42.44,18.37,19.69,Dwarf fig tree,9/12/21
558,-117.916009,33.80430871,164.92,31.33,16.08,17.72,Western sycamore,9/12/21
559,-117.928078,33.80414318,152.92,26.03,19.03,23.62,Western sycamore,9/12/21
560,-117.916726,33.80429501,160.76,27.1,19.03,21.98,California palm,9/12/21
561,-117.918177,33.80427204,157.07,25.48,18.04,21.98,Queen palm,9/12/21
562,-117.916953,33.80428818,161.01,26.78,18.37,19.03,Mexican fan palm,9/12/21
563,-117.916863,33.80428939,157.82,23.67,18.37,19.03,Carrotwood,9/12/21
564,-117.916593,33.80429307,153.49,19.66,18.7,23.62,Dwarf fig tree,9/12/21
565,-117.916481,33.80429126,159.07,25.75,18.37,19.03,Western sycamore,9/12/21
566,-117.916661,33.80428535,156.81,23.23,18.7,22.64,Western sycamore,9/12/21
567,-117.917220,33.80426358,156.26,22.34,16.73,17.72,California palm,9/12/21
568,-117.928091,33.80411082,153.43,26.41,18.37,19.03,Queen palm,9/12/21
569,-117.916330,33.80426813,170.92,37.08,17.39,18.37,Mexican fan palm,9/12/21
570,-117.916438,33.80426377,160.97,27.16,17.72,22.31,Carrotwood,9/12/21
571,-117.928043,33.80409722,152.98,26.18,21.33,53.15,Dwarf fig tree,9/12/21
572,-117.915887,33.8042603,165.8,32.18,16.08,17.72,Western sycamore,9/12/21
573,-117.928477,33.80408735,162.37,36.82,18.37,19.03,Western sycamore,9/12/21
574,-117.915737,33.80425873,178.62,45.27,17.06,18.37,California palm,9/12/21
575,-117.918297,33.80422134,173.22,41.56,15.42,16.73,Queen palm,9/12/21
576,-117.917357,33.80422898,171.19,38.04,16.73,18.37,Mexican fan palm,9/12/21
577,-117.928103,33.80407467,153.8,26.53,18.7,21.98,Western sycamore,9/12/21
578,-117.917391,33.80421126,170.28,36.96,17.39,18.7,California palm,9/12/21
579,-117.918280,33.80419574,160.47,29.19,17.72,19.03,Queen palm,9/12/21
580,-117.917858,33.80418641,176.32,44.45,18.37,19.03,Mexican fan palm,9/12/21
581,-117.928561,33.80402514,160.91,35.03,17.72,23.62,Carrotwood,9/12/21
582,-117.928090,33.80403174,154.19,27.39,18.37,19.03,Dwarf fig tree,9/12/21
583,-117.917776,33.8041704,183.59,51.45,18.37,20.34,Western sycamore,9/12/21
584,-117.917513,33.80416946,183.56,50.82,19.03,22.97,Western sycamore,9/12/21
585,-117.928204,33.80401273,149.06,24.58,17.39,19.03,California palm,9/12/21
586,-117.917608,33.80414361,182.21,49.69,20.01,24.61,Queen palm,9/12/21
587,-117.917703,33.80413894,183.71,51.19,18.37,19.03,Mexican fan palm,9/12/21
588,-117.917565,33.80413745,193.66,61.35,18.37,19.03,Carrotwood,9/12/21
589,-117.918350,33.80412225,160.79,29.64,18.04,19.69,Dwarf fig tree,9/12/21
590,-117.923431,33.80404351,176.67,47.48,18.37,19.69,Western sycamore,9/12/21
591,-117.928479,33.80397307,164.19,39.19,18.37,19.69,Western sycamore,9/12/21
592,-117.924286,33.80402944,156.52,27.83,19.36,38.71,California palm,9/12/21
593,-117.928428,33.80396628,155.56,31.41,17.39,18.37,Queen palm,9/12/21
594,-117.917973,33.804096,147.64,16.74,17.39,18.37,Mexican fan palm,9/12/21
595,-117.921069,33.80405044,198.76,68.19,18.37,19.03,Carrotwood,9/12/21
596,-117.923728,33.80401113,162.55,34.56,18.37,19.03,Dwarf fig tree,9/12/21
597,-117.924218,33.80400105,160.41,32.95,18.37,20.34,Western sycamore,9/12/21
598,-117.924179,33.80399843,158.9,31.57,19.69,26.57,Western sycamore,9/12/21
599,-117.923810,33.8040034,160.17,32.31,18.7,21.33,California palm,9/12/21
600,-117.923765,33.80400367,159.18,31.24,20.01,31.5,Queen palm,9/12/21
601,-117.920231,33.80404705,163.17,33.3,17.39,18.37,Mexican fan palm,9/12/21
602,-117.928079,33.80393847,155.75,29.04,20.01,27.56,Carrotwood,9/12/21
603,-117.918409,33.80406394,155.86,24.94,17.72,19.03,Dwarf fig tree,9/12/21
604,-117.917972,33.80406017,148.81,17.68,19.03,25.92,Western sycamore,9/12/21
605,-117.924175,33.80397422,157.71,30.55,19.36,30.18,Western sycamore,9/12/21
606,-117.928482,33.80391146,156.42,31.42,20.34,31.5,California palm,9/12/21
607,-117.923779,33.80397474,159.92,32.44,19.03,22.97,Queen palm,9/12/21
608,-117.928074,33.80391066,155.77,29.08,22.97,32.81,Mexican fan palm,9/12/21
609,-117.924291,33.80396088,157.38,28.73,18.37,19.69,Western sycamore,9/12/21
610,-117.923808,33.80396743,160.24,32.72,19.36,26.57,California palm,9/12/21
611,-117.924217,33.80395852,157.72,30.14,18.37,19.03,Queen palm,9/12/21
612,-117.928211,33.80389073,152.31,28.14,16.73,17.72,Mexican fan palm,9/12/21
613,-117.923378,33.80395457,164.12,35.51,18.7,22.64,Carrotwood,9/12/21
614,-117.923710,33.80394006,162.81,34.82,18.7,21.65,Dwarf fig tree,9/12/21
615,-117.921205,33.80397458,198.97,69.34,19.03,22.97,Western sycamore,9/12/21
616,-117.921170,33.80397395,198.87,69.2,19.03,27.89,Western sycamore,9/12/21
617,-117.928468,33.8038724,157.62,32.69,17.39,19.03,California palm,9/12/21
618,-117.928138,33.80386964,156.28,30.06,18.37,19.36,Queen palm,9/12/21
619,-117.923348,33.80393387,172.7,44.13,18.37,19.03,Mexican fan palm,9/12/21
620,-117.924311,33.80391764,160.45,31.94,18.37,20.01,Carrotwood,9/12/21
621,-117.923680,33.80392649,163.65,35.43,18.7,21.65,Dwarf fig tree,9/12/21
622,-117.923769,33.80392141,159.67,32.18,18.37,19.03,Western sycamore,9/12/21
623,-117.924267,33.80391188,159.03,30.98,19.03,20.34,Western sycamore,9/12/21
624,-117.924144,33.80390903,157.32,30.83,17.39,23.29,California palm,9/12/21
625,-117.923821,33.80390712,160.82,33.35,18.37,19.03,Queen palm,9/12/21
626,-117.917961,33.80398508,151.92,21.16,18.37,19.03,Mexican fan palm,9/12/21
627,-117.924232,33.80389734,159.28,31.51,18.7,20.34,Carrotwood,9/12/21
628,-117.923288,33.80389899,173.92,44.65,18.37,19.69,Dwarf fig tree,9/12/21
629,-117.928090,33.80383085,156.61,29.82,18.37,20.67,Western sycamore,9/12/21
630,-117.923872,33.80388778,159.43,32.53,18.37,20.34,Western sycamore,9/12/21
631,-117.923661,33.80389068,160.56,32.39,18.37,19.03,California palm,9/12/21
632,-117.918518,33.80395522,161.12,30.26,17.72,19.03,Queen palm,9/12/21
633,-117.924318,33.80387412,161.51,32.7,18.37,19.03,Mexican fan palm,9/12/21
634,-117.928029,33.80382074,151.01,24.49,18.37,19.03,Carrotwood,9/12/21
635,-117.923777,33.8038779,158.39,30.87,19.03,27.89,Dwarf fig tree,9/12/21
636,-117.917965,33.80395535,152.41,21.57,18.7,21,Western sycamore,9/12/21
637,-117.924232,33.80386809,158.2,30.51,18.37,19.03,Western sycamore,9/12/21
638,-117.928137,33.80381223,156.14,30.21,18.37,19.36,California palm,9/12/21
639,-117.923703,33.80386869,160.59,32.82,18.7,19.69,Queen palm,9/12/21
640,-117.917974,33.80393532,152.46,21.72,19.69,23.29,Mexican fan palm,9/12/21
641,-117.918562,33.80392296,154.79,24.11,18.04,21.65,Western sycamore,9/12/21
642,-117.928132,33.80378698,156.24,30.29,19.69,27.56,California palm,9/12/21
643,-117.923630,33.80384067,156.63,28.61,20.67,30.51,Queen palm,9/12/21
644,-117.917939,33.80391269,151.58,20.99,18.7,27.23,Mexican fan palm,9/12/21
645,-117.923200,33.80383649,168.34,40.52,19.36,27.56,Carrotwood,9/12/21
646,-117.928135,33.80376184,155.97,30.23,18.37,19.69,Dwarf fig tree,9/12/21
647,-117.923161,33.80382483,172.65,44.1,18.37,19.03,Western sycamore,9/12/21
648,-117.923611,33.80381665,155.94,27.95,19.36,23.29,Western sycamore,9/12/21
649,-117.923076,33.80382233,169.41,40.42,17.72,19.03,California palm,9/12/21
650,-117.924278,33.80379902,160.57,32.58,18.37,19.03,Queen palm,9/12/21
651,-117.923763,33.80380598,159.83,32.28,18.7,22.31,Mexican fan palm,9/12/21
652,-117.924218,33.80379354,158.87,31.62,18.37,19.03,Carrotwood,9/12/21
653,-117.923887,33.80379761,157.33,30.75,18.37,19.36,Dwarf fig tree,9/12/21
654,-117.922625,33.80381447,165.82,36.87,17.39,18.7,Western sycamore,9/12/21
655,-117.924179,33.8037899,156.91,30.01,18.7,21.65,Western sycamore,9/12/21
656,-117.923707,33.80379706,159.26,31.69,18.37,19.03,California palm,9/12/21
657,-117.923652,33.80379855,158.95,31.37,18.37,19.03,Queen palm,9/12/21
658,-117.923023,33.80380547,167.84,39.22,18.37,19.03,Mexican fan palm,9/12/21
659,-117.924321,33.80378099,159.97,31.78,19.03,27.89,Carrotwood,9/12/21
660,-117.923822,33.80378763,162.38,35.02,18.37,19.03,Dwarf fig tree,9/12/21
661,-117.923591,33.80379102,159.18,31.05,18.37,19.03,Western sycamore,9/12/21
662,-117.922981,33.80379917,171.71,42.72,18.37,19.03,Western sycamore,9/12/21
663,-117.922921,33.80380072,168.81,39.6,18.37,19.03,California palm,9/12/21
664,-117.922817,33.80380097,169.12,40.53,18.37,19.03,Queen palm,9/12/21
665,-117.922568,33.80380123,168.26,39.41,18.7,21.33,Mexican fan palm,9/12/21
666,-117.924381,33.80377248,163.02,34.36,18.37,19.03,Carrotwood,9/12/21
667,-117.922369,33.80380043,166.64,37.99,20.01,26.57,Dwarf fig tree,9/12/21
668,-117.922186,33.803802,169.25,40.57,19.36,22.64,Western sycamore,9/12/21
669,-117.921735,33.80380811,169.51,40.81,18.37,21.33,Western sycamore,9/12/21
670,-117.928143,33.80371929,154.94,29.56,19.03,23.62,California palm,9/12/21
671,-117.922752,33.80379151,164.87,36.95,18.37,19.03,Queen palm,9/12/21
672,-117.922723,33.8037917,169.38,41.42,18.37,19.03,Mexican fan palm,9/12/21
673,-117.922405,33.80379581,169.35,41.38,18.7,22.64,Western sycamore,9/12/21
674,-117.922328,33.80379672,166.96,38.98,18.7,20.67,California palm,9/12/21
675,-117.922288,33.80379767,169.36,41.38,18.37,19.03,Queen palm,9/12/21
676,-117.922216,33.803799,167.56,39.49,18.7,22.64,Mexican fan palm,9/12/21
677,-117.922086,33.8037998,166,37.9,19.69,32.48,Carrotwood,9/12/21
678,-117.921902,33.80380243,166.09,37.3,18.37,19.03,Dwarf fig tree,9/12/21
679,-117.922865,33.80378578,168.55,40.75,18.37,19.03,Western sycamore,9/12/21
680,-117.922529,33.80379087,167.36,39.39,18.7,19.36,Western sycamore,9/12/21
681,-117.921963,33.80379831,166.87,38.74,18.37,19.03,California palm,9/12/21
682,-117.921852,33.80379932,166.88,38.22,18.37,19.03,Queen palm,9/12/21
683,-117.921430,33.80380585,162.31,32.98,17.72,18.7,Mexican fan palm,9/12/21
684,-117.917911,33.80385282,153.55,22.85,18.04,19.03,Carrotwood,9/12/21
685,-117.922435,33.80378864,169.86,41.87,18.37,19.03,Dwarf fig tree,9/12/21
686,-117.922147,33.80379272,167.05,38.92,18.7,20.34,Western sycamore,9/12/21
687,-117.922017,33.8037938,167.17,38.55,18.37,19.03,Western sycamore,9/12/21
688,-117.921609,33.80379951,172.09,43.11,18.37,19.03,California palm,9/12/21
689,-117.921044,33.80380724,170.66,41.78,17.72,18.7,Queen palm,9/12/21
690,-117.928483,33.80370381,152.5,27.48,19.36,30.18,Mexican fan palm,9/12/21
691,-117.921798,33.80379432,169.19,40.57,18.37,19.03,Carrotwood,9/12/21
692,-117.921253,33.80380059,170.83,41.84,18.37,19.03,Dwarf fig tree,9/12/21
693,-117.918634,33.80383555,155.57,24.97,18.04,19.03,Western sycamore,9/12/21
694,-117.921314,33.80379592,170.68,41.83,18.37,19.03,Western sycamore,9/12/21
695,-117.921094,33.80379918,171.01,42.29,18.37,19.03,California palm,9/12/21
696,-117.920962,33.80380069,170.73,42,18.37,20.01,Queen palm,9/12/21
697,-117.920833,33.80380321,171.01,41.92,18.37,19.03,Mexican fan palm,9/12/21
698,-117.920738,33.80380359,167.98,38.83,18.37,19.03,Carrotwood,9/12/21
699,-117.920600,33.80380603,167.29,38.41,18.37,21.33,Dwarf fig tree,9/12/21
700,-117.921373,33.8037923,168.82,40.51,18.37,19.03,Western sycamore,9/12/21
701,-117.921210,33.80379406,169.35,41.43,18.37,19.03,Western sycamore,9/12/21
702,-117.921150,33.80379491,171.72,43.39,18.37,19.03,California palm,9/12/21
703,-117.920915,33.80379863,168.45,39.79,18.37,19.03,Queen palm,9/12/21
704,-117.920785,33.80379939,167.28,38.65,18.7,23.95,Mexican fan palm,9/12/21
705,-117.920690,33.80380224,171.58,42.82,18.37,19.03,Western sycamore,9/12/21
706,-117.920638,33.80380188,166.9,38.23,18.7,21.33,California palm,9/12/21
707,-117.920412,33.80380487,172.62,43.42,18.37,19.03,Queen palm,9/12/21
708,-117.928135,33.80369764,155.52,29.65,18.7,20.34,Mexican fan palm,9/12/21
709,-117.923750,33.80375652,159.43,31.93,18.7,24.61,Carrotwood,9/12/21
710,-117.920871,33.803795,166.31,37.49,19.36,27.89,Dwarf fig tree,9/12/21
711,-117.920450,33.80380015,171.93,43.02,19.03,22.64,Western sycamore,9/12/21
712,-117.923715,33.80375317,157.18,29.67,19.69,25.92,Western sycamore,9/12/21
713,-117.920308,33.80379904,161.26,32.26,18.04,19.03,California palm,9/12/21
714,-117.928048,33.80369152,153.2,26.74,26.9,58.73,Queen palm,9/12/21
715,-117.924218,33.80374288,159.14,31.91,18.37,19.03,Mexican fan palm,9/12/21
716,-117.923650,33.80375029,157.49,30.24,18.37,19.03,Carrotwood,9/12/21
717,-117.919415,33.80380338,153.18,23.25,18.37,19.03,Dwarf fig tree,9/12/21
718,-117.918877,33.80381121,154.96,24.53,18.04,22.31,Western sycamore,9/12/21
719,-117.917872,33.80382405,150.48,20.31,18.37,19.03,Western sycamore,9/12/21
720,-117.923860,33.80374061,159.73,33.14,19.69,31.5,California palm,9/12/21
721,-117.923808,33.80374191,163.07,35.49,18.37,19.36,Queen palm,9/12/21
722,-117.923539,33.80374482,160.29,32.4,18.37,20.01,Mexican fan palm,9/12/21
723,-117.919933,33.8037928,152.56,24.09,18.37,19.03,Carrotwood,9/12/21
724,-117.919861,33.80379404,154.73,25.39,17.72,18.7,Dwarf fig tree,9/12/21
725,-117.919771,33.80379516,154.11,24.48,18.37,19.36,Western sycamore,9/12/21
726,-117.919689,33.80379639,156.49,26.74,18.37,19.03,Western sycamore,9/12/21
727,-117.919578,33.80379741,154.2,24.09,18.37,19.03,California palm,9/12/21
728,-117.928470,33.80367481,162.03,37.28,19.03,22.97,Queen palm,9/12/21
729,-117.928425,33.80367605,156.46,32.57,18.37,19.03,Mexican fan palm,9/12/21
730,-117.919496,33.80379529,152.59,22.34,18.37,19.03,Carrotwood,9/12/21
731,-117.919234,33.80379923,154.02,23.36,18.37,19.03,Dwarf fig tree,9/12/21
732,-117.919370,33.80379439,156.01,25.42,17.72,18.7,Western sycamore,9/12/21
733,-117.919126,33.80379651,160.09,29.69,18.7,20.01,Western sycamore,9/12/21
734,-117.919054,33.80379827,157.32,26.68,18.7,23.95,California palm,9/12/21
735,-117.919011,33.80379806,159.93,29.13,18.37,19.03,Queen palm,9/12/21
736,-117.918747,33.80379443,164.32,33.87,18.37,19.03,Mexican fan palm,9/12/21
737,-117.924461,33.80370723,153.65,24.86,17.72,21.98,Western sycamore,9/12/21
738,-117.923486,33.80372047,161.02,33.59,18.37,19.03,California palm,9/12/21
739,-117.924393,33.80370462,157.65,29.6,18.37,19.03,Queen palm,9/12/21
740,-117.924155,33.80369699,153.28,27.19,17.39,19.03,Mexican fan palm,9/12/21
741,-117.928142,33.80363755,155.37,30.02,18.37,19.03,Carrotwood,9/12/21
742,-117.928056,33.80363755,155.46,28.65,20.01,31.5,Dwarf fig tree,9/12/21
743,-117.923684,33.80369606,153.49,26.15,18.04,19.03,Western sycamore,9/12/21
744,-117.928085,33.80362617,155.8,28.93,18.37,19.03,Western sycamore,9/12/21
745,-117.924478,33.80366827,154.22,25.63,19.36,28.87,California palm,9/12/21
746,-117.923781,33.80367307,154.69,27.04,23.29,47.9,Queen palm,9/12/21
747,-117.924220,33.80366434,151.76,24.67,19.36,28.87,Mexican fan palm,9/12/21
748,-117.924442,33.80365705,156.33,28.06,18.37,19.03,Carrotwood,9/12/21
749,-117.923837,33.80366556,153.57,26.49,18.37,19.36,Dwarf fig tree,9/12/21
750,-117.928154,33.80360388,154.1,28.97,18.37,19.69,Western sycamore,9/12/21
751,-117.924387,33.80365521,156.11,28.24,18.37,19.03,Western sycamore,9/12/21
752,-117.924331,33.80365518,154.62,26.98,18.37,19.03,California palm,9/12/21
753,-117.923674,33.80366385,152.83,25.52,18.04,19.03,Queen palm,9/12/21
754,-117.917866,33.80373777,152.62,22.17,18.37,19.03,Mexican fan palm,9/12/21
755,-117.923808,33.80365525,153.37,26.27,18.7,20.01,Carrotwood,9/12/21
756,-117.923627,33.80365752,152.87,25.68,18.37,19.03,Dwarf fig tree,9/12/21
757,-117.923571,33.80365773,151.99,24.95,18.37,19.03,Western sycamore,9/12/21
758,-117.924529,33.80363808,157.33,28.26,19.69,32.48,Western sycamore,9/12/21
759,-117.928475,33.80358139,155.54,31.01,18.04,20.01,California palm,9/12/21
760,-117.924477,33.80363546,154.91,26.61,19.03,23.62,Queen palm,9/12/21
761,-117.923519,33.80362665,152.71,29,18.37,19.03,Mexican fan palm,9/12/21
762,-117.924390,33.8036113,155.86,28.31,19.69,32.15,Carrotwood,9/12/21
763,-117.924318,33.80361253,154.73,27.17,18.37,23.29,Dwarf fig tree,9/12/21
764,-117.923797,33.80361918,155.15,27.94,18.37,19.03,Western sycamore,9/12/21
765,-117.923720,33.80362056,153.31,25.72,18.7,20.01,Western sycamore,9/12/21
766,-117.923573,33.80362219,153.33,26.28,18.37,19.03,California palm,9/12/21
767,-117.928156,33.80355773,153.38,28.47,18.7,20.34,Queen palm,9/12/21
768,-117.923673,33.80361822,152.14,24.59,18.7,21,Mexican fan palm,9/12/21
769,-117.923407,33.80362112,154.68,26.96,19.03,23.62,Western sycamore,9/12/21
770,-117.924578,33.80359541,164.49,35.65,18.37,19.03,California palm,9/12/21
771,-117.928462,33.80353883,157.16,32.66,20.34,44.62,Queen palm,9/12/21
772,-117.923325,33.80360416,162.18,34.14,18.37,20.01,Mexican fan palm,9/12/21
773,-117.928058,33.80353323,153.69,26.73,21.33,38.71,Carrotwood,9/12/21
774,-117.924672,33.80356555,168.14,39.59,18.37,19.03,Dwarf fig tree,9/13/21
775,-117.928130,33.80351515,155.39,30.27,18.7,21.33,Western sycamore,9/13/21
776,-117.924275,33.80356697,159.72,32.46,18.37,19.69,Western sycamore,9/13/21
777,-117.924218,33.80356395,157.91,31.09,18.37,19.03,California palm,9/13/21
778,-117.923780,33.80356563,161.01,33.66,18.37,20.01,Queen palm,9/13/21
779,-117.921100,33.80358725,157.88,30.73,19.03,35.76,Mexican fan palm,9/13/21
780,-117.924273,33.80354175,159.11,31.79,18.37,19.36,Carrotwood,9/13/21
781,-117.920845,33.80358676,158.04,30.38,18.04,24.28,Dwarf fig tree,9/13/21
782,-117.928088,33.80348651,153.46,28.76,18.37,19.03,Western sycamore,9/13/21
783,-117.921455,33.80357567,155.19,27.97,17.72,20.01,Western sycamore,9/13/21
784,-117.921287,33.80357819,157.96,30.54,18.04,21,California palm,9/13/21
785,-117.920900,33.80358297,157.24,29.44,17.39,21,Queen palm,9/13/21
786,-117.923126,33.8035493,182.38,54.99,18.37,19.03,Mexican fan palm,9/13/21
787,-117.924539,33.80352658,183.28,56.47,18.7,20.34,Carrotwood,9/13/21
788,-117.924371,33.80352934,181.68,54.32,19.03,22.31,Dwarf fig tree,9/13/21
789,-117.927405,33.80348464,176.62,50.86,18.7,21.98,Western sycamore,9/13/21
790,-117.923658,33.80353542,183.84,56.15,18.7,21.98,Western sycamore,9/13/21
791,-117.920634,33.80357617,159.13,31.26,18.04,21,California palm,9/13/21
792,-117.920243,33.80357758,160.37,32.22,18.7,28.87,Queen palm,9/13/21
793,-117.927958,33.80346983,177.28,52.43,18.37,19.36,Mexican fan palm,9/13/21
794,-117.926288,33.80349215,182.07,56.22,19.03,21.98,Carrotwood,9/13/21
795,-117.923375,33.80353222,182.9,55.35,18.7,20.34,Dwarf fig tree,9/13/21
796,-117.920016,33.80357652,160.97,32.21,18.7,22.64,Western sycamore,9/13/21
797,-117.927794,33.80346842,178.44,53.47,18.37,19.03,Western sycamore,9/13/21
798,-117.923577,33.80352532,183.1,55.96,19.03,22.31,California palm,9/13/21
799,-117.923452,33.80352726,180.99,53.8,18.7,20.67,Queen palm,9/13/21
800,-117.923294,33.80352906,180.22,52.87,18.37,20.01,Mexican fan palm,9/13/21
801,-117.922825,33.80353635,182.46,54.89,18.7,20.01,Western sycamore,9/13/21
802,-117.922652,33.8035381,182.97,55.31,18.37,19.69,California palm,9/13/21
803,-117.927348,33.8034711,177.76,52.33,18.37,19.03,Queen palm,9/13/21
804,-117.927172,33.80347362,177.4,52.07,18.37,19.36,Mexican fan palm,9/13/21
805,-117.926923,33.80347812,177.69,52.04,18.7,21,Carrotwood,9/13/21
806,-117.926528,33.80348194,183,57.27,18.7,22.31,Dwarf fig tree,9/13/21
807,-117.926377,33.8034845,182.46,56.57,19.03,23.62,Western sycamore,9/13/21
808,-117.925664,33.80349417,182.39,56.19,18.37,19.69,Western sycamore,9/13/21
809,-117.925415,33.80349708,181.89,55.65,18.7,21.98,California palm,9/13/21
810,-117.924457,33.80351048,180.43,53.66,18.7,20.34,Queen palm,9/13/21
811,-117.923693,33.80352046,182.97,55.88,18.7,19.69,Mexican fan palm,9/13/21
812,-117.923206,33.80352734,181.36,53.99,18.7,21.33,Carrotwood,9/13/21
813,-117.922726,33.80353317,182.82,55.31,18.7,23.29,Dwarf fig tree,9/13/21
814,-117.922507,33.80353651,183.36,55.48,18.7,20.01,Western sycamore,9/13/21
815,-117.922434,33.80353812,183.63,55.88,18.7,20.01,Western sycamore,9/13/21
816,-117.922254,33.80353982,180.56,52.67,18.37,19.03,California palm,9/13/21
817,-117.927880,33.80346057,177.34,52.32,18.7,21,Queen palm,9/13/21
818,-117.927249,33.80346953,176.57,51.12,19.03,20.01,Mexican fan palm,9/13/21
819,-117.927082,33.80347113,175.45,49.95,19.03,22.31,Carrotwood,9/13/21
820,-117.927026,33.80347163,178.47,52.93,19.03,21.33,Dwarf fig tree,9/13/21
821,-117.926626,33.80347759,178.11,52.35,18.7,21.98,Western sycamore,9/13/21
822,-117.926446,33.80348076,183.01,57.11,18.7,19.36,Western sycamore,9/13/21
823,-117.925630,33.80349062,182.81,56.5,18.7,22.31,California palm,9/13/21
824,-117.924624,33.80350495,182.07,55.58,18.7,20.01,Queen palm,9/13/21
825,-117.923047,33.80352638,180.97,53.51,18.7,20.34,Mexican fan palm,9/13/21
826,-117.922894,33.80352741,183.82,56.31,18.7,19.69,Carrotwood,9/13/21
827,-117.922588,33.80353181,183.15,55.42,18.7,21.98,Dwarf fig tree,9/13/21
828,-117.927498,33.80346164,176.91,51.89,18.7,20.34,Western sycamore,9/13/21
829,-117.926867,33.80347071,177.76,52.19,18.7,21.33,Western sycamore,9/13/21
830,-117.926703,33.80347351,178.25,52.5,19.03,23.62,California palm,9/13/21
831,-117.922967,33.80352273,183.08,55.68,18.37,20.01,Queen palm,9/13/21
832,-117.922111,33.80353487,183.52,55.64,18.7,20.01,Mexican fan palm,9/13/21
833,-117.922025,33.8035353,183.86,55.9,18.7,19.36,Western sycamore,9/13/21
834,-117.918835,33.80357838,159.67,29.34,18.7,33.14,California palm,9/13/21
835,-117.926786,33.80346888,178.49,52.8,19.03,24.61,Queen palm,9/13/21
836,-117.926480,33.80347283,182.16,56.69,18.37,19.36,Mexican fan palm,9/13/21
837,-117.925497,33.80348544,181.13,54.98,18.7,21.98,Carrotwood,9/13/21
838,-117.925084,33.80349079,181.59,55.24,18.7,19.69,Dwarf fig tree,9/13/21
839,-117.925003,33.80349267,181.51,55.11,19.03,23.29,Western sycamore,9/13/21
840,-117.923658,33.80351133,183.17,56.13,18.7,21,Western sycamore,9/13/21
841,-117.926275,33.80347121,182.21,56.62,18.7,21.65,California palm,9/13/21
842,-117.926110,33.80347342,181.14,55.46,18.7,20.01,Queen palm,9/13/21
843,-117.925264,33.80348522,183.2,57.16,18.7,20.01,Mexican fan palm,9/13/21
844,-117.924844,33.80349127,182.67,56.18,18.37,19.03,Carrotwood,9/13/21
845,-117.924701,33.80349277,180.87,54.38,19.03,22.31,Dwarf fig tree,9/13/21
846,-117.922353,33.80352428,183.55,55.82,18.37,19.36,Western sycamore,9/13/21
847,-117.922192,33.80352607,183.81,55.99,18.37,20.01,Western sycamore,9/13/21
848,-117.925565,33.80347705,181.99,55.88,19.03,22.64,California palm,9/13/21
849,-117.924942,33.80348618,183.55,57.23,18.37,19.03,Queen palm,9/13/21
850,-117.924783,33.80348821,181.88,55.28,18.7,20.01,Mexican fan palm,9/13/21
851,-117.921879,33.80352674,182.85,54.82,18.37,19.36,Carrotwood,9/13/21
852,-117.921771,33.80352805,183.61,55.6,18.37,19.03,Dwarf fig tree,9/13/21
853,-117.921708,33.80352885,184.07,56.05,19.69,28.87,Western sycamore,9/13/21
854,-117.917976,33.80357918,158.73,28.23,16.4,17.72,Western sycamore,9/13/21
855,-117.926033,33.80346771,182.14,56.33,18.7,21.98,California palm,9/13/21
856,-117.925416,33.80347593,182.37,56.22,18.37,19.03,Queen palm,9/13/21
857,-117.925338,33.80347695,181.12,55.01,20.01,32.81,Mexican fan palm,9/13/21
858,-117.925178,33.80347872,180.53,54.25,18.37,19.69,Carrotwood,9/13/21
859,-117.927409,33.80344545,176.57,51.49,19.36,23.62,Dwarf fig tree,9/13/21
860,-117.926213,33.80346158,182.14,56.56,18.7,21,Western sycamore,9/13/21
861,-117.925724,33.80346825,182.9,57.02,18.7,20.34,Western sycamore,9/13/21
862,-117.921544,33.80352367,184.47,56.43,18.7,21,California palm,9/13/21
863,-117.921940,33.80351616,182.62,54.83,18.7,20.01,Queen palm,9/13/21
864,-117.921613,33.80351991,185.98,57.91,18.7,19.36,Mexican fan palm,9/13/21
865,-117.923601,33.80348946,182.67,56.56,18.7,20.34,Western sycamore,9/13/21
866,-117.923306,33.80349362,177.58,51.15,20.01,22.31,California palm,9/13/21
867,-117.921149,33.80352179,184.52,56.29,19.03,23.29,Queen palm,9/13/21
868,-117.919396,33.80354598,181.77,52.41,18.7,21,Mexican fan palm,9/13/21
869,-117.919328,33.80354649,185.89,56.42,18.37,19.03,Carrotwood,9/13/21
870,-117.919238,33.80354738,186.13,56.6,18.7,22.31,Dwarf fig tree,9/13/21
871,-117.919173,33.80354498,185.42,55.2,18.7,20.01,Western sycamore,9/13/21
872,-117.921222,33.80351346,186.93,58.87,18.7,19.69,Western sycamore,9/13/21
873,-117.921003,33.80351659,185.6,57.45,18.37,19.03,California palm,9/13/21
874,-117.919567,33.80353595,185.61,56.14,18.7,20.34,Queen palm,9/13/21
875,-117.927965,33.80341962,175.02,50.83,18.7,21,Mexican fan palm,9/13/21
876,-117.927729,33.8034228,180.29,55.81,18.37,19.03,Carrotwood,9/13/21
877,-117.923528,33.80348047,181.57,55.41,18.7,21.98,Dwarf fig tree,9/13/21
878,-117.921303,33.8035096,184.72,56.6,18.7,20.01,Western sycamore,9/13/21
879,-117.927635,33.80342095,174.88,50.9,18.7,21.33,Western sycamore,9/13/21
880,-117.927399,33.80342419,175.87,51.72,18.7,21.98,California palm,9/13/21
881,-117.927249,33.80342555,176.76,52.43,18.7,22.31,Queen palm,9/13/21
882,-117.926691,33.80343365,178.78,54.24,18.37,19.03,Mexican fan palm,9/13/21
883,-117.923451,33.80347711,179.7,53.54,19.03,23.29,Carrotwood,9/13/21
884,-117.923104,33.8034814,179.4,53.09,18.37,19.03,Dwarf fig tree,9/13/21
885,-117.922957,33.80348373,178.95,52.49,19.03,20.34,Western sycamore,9/13/21
886,-117.919649,33.80352752,187.69,58.2,18.37,19.03,Western sycamore,9/13/21
887,-117.919599,33.80352875,185.39,56.23,18.37,19.03,California palm,9/13/21
888,-117.919508,33.80352951,184.86,55.77,18.7,22.31,Queen palm,9/13/21
889,-117.927308,33.80342218,174.06,49.84,19.03,22.64,Mexican fan palm,9/13/21
890,-117.927162,33.80342369,176.31,51.99,18.37,19.69,Carrotwood,9/13/21
891,-117.927090,33.80342487,176.11,51.77,18.37,19.03,Dwarf fig tree,9/13/21
892,-117.927008,33.80342558,177.4,53.02,18.7,22.97,Western sycamore,9/13/21
893,-117.925100,33.80345197,180.38,55,19.36,30.18,Western sycamore,9/13/21
894,-117.924697,33.80345666,180.55,54.79,18.37,19.03,California palm,9/13/21
895,-117.923197,33.80347742,178.61,52.36,18.7,20.01,Queen palm,9/13/21
896,-117.922738,33.80348396,180.08,53.69,19.69,31.5,Mexican fan palm,9/13/21
897,-117.922258,33.80348897,180.16,53.38,19.03,20.34,Western sycamore,9/13/21
898,-117.921399,33.8035011,183.9,55.78,18.37,19.03,California palm,9/13/21
899,-117.921094,33.80350517,185.57,57.27,19.03,22.31,Queen palm,9/13/21
900,-117.919088,33.80353202,186.15,56.15,18.37,20.01,Mexican fan palm,9/13/21
901,-117.927879,33.80341006,173.35,49.51,18.37,19.03,Carrotwood,9/13/21
902,-117.926931,33.8034236,178.67,54.23,18.37,19.69,Dwarf fig tree,9/13/21
903,-117.926857,33.80342386,179.69,55.25,18.37,20.01,Western sycamore,9/13/21
904,-117.926788,33.80342476,178.97,54.44,18.37,19.03,Western sycamore,9/13/21
905,-117.926265,33.80343307,182.67,57.87,18.7,20.01,California palm,9/13/21
906,-117.926046,33.80343524,180.25,55.53,19.36,34.45,Queen palm,9/13/21
907,-117.925968,33.80343677,180.03,55.27,18.37,20.01,Mexican fan palm,9/13/21
908,-117.924872,33.80345127,179.76,54.09,19.69,22.64,Carrotwood,9/13/21
909,-117.923039,33.8034751,178,51.64,18.7,20.01,Dwarf fig tree,9/13/21
910,-117.922893,33.80347766,181.56,55.15,18.7,20.01,Western sycamore,9/13/21
911,-117.922570,33.80348137,182.18,55.64,18.7,22.97,Western sycamore,9/13/21
912,-117.922480,33.80348251,181.14,54.51,18.7,20.01,California palm,9/13/21
913,-117.922171,33.80348716,181.05,54.29,18.37,19.03,Queen palm,9/13/21
914,-117.922106,33.80348803,182.02,55.16,18.7,20.01,Mexican fan palm,9/13/21
915,-117.921158,33.80350117,184.76,56.56,18.7,20.67,Carrotwood,9/13/21
916,-117.920900,33.80350364,185.38,56.96,19.36,21.65,Dwarf fig tree,9/13/21
917,-117.920431,33.80351037,182.82,54.11,18.37,19.03,Western sycamore,9/13/21
918,-117.920209,33.80351359,185.2,56.52,18.7,19.69,Western sycamore,9/13/21
919,-117.927798,33.80340835,176.46,52.49,18.37,19.03,California palm,9/13/21
920,-117.925483,33.80343902,179.06,53.82,18.37,19.03,Queen palm,9/13/21
921,-117.924843,33.80344856,179.85,54,19.36,23.29,Mexican fan palm,9/13/21
922,-117.922812,33.80347505,181.16,54.68,18.37,20.67,Carrotwood,9/13/21
923,-117.922347,33.80348074,181.72,55.03,18.7,20.01,Dwarf fig tree,9/13/21
924,-117.921475,33.80349264,183.32,55.29,18.7,21.65,Western sycamore,9/13/21
925,-117.921067,33.80349905,185.67,57.3,18.7,20.01,Western sycamore,9/13/21
926,-117.920758,33.80350322,182.4,53.71,18.7,21.65,California palm,9/13/21
927,-117.920672,33.80350391,184.78,56.37,18.7,20.01,Queen palm,9/13/21
928,-117.920354,33.80350748,184.33,55.59,18.7,20.01,Mexican fan palm,9/13/21
929,-117.920285,33.80350846,185.1,56.33,18.7,19.36,Western sycamore,9/13/21
930,-117.918855,33.80352875,186.67,56.65,18.37,19.03,California palm,9/13/21
931,-117.918546,33.80353195,185.01,55.17,18.7,20.01,Queen palm,9/13/21
932,-117.926209,33.80342588,178.86,54.1,18.37,19.69,Mexican fan palm,9/13/21
933,-117.926123,33.80342727,179.15,54.33,18.37,19.03,Carrotwood,9/13/21
934,-117.925402,33.80343702,180.51,55.25,18.37,19.36,Dwarf fig tree,9/13/21
935,-117.925323,33.80343806,182.22,56.98,18.7,20.34,Western sycamore,9/13/21
936,-117.924949,33.80344285,180.34,54.81,18.7,21,Western sycamore,9/13/21
937,-117.922398,33.8034778,181.22,54.44,19.03,23.29,California palm,9/13/21
938,-117.920832,33.80349716,184.54,56.01,18.37,19.69,Queen palm,9/13/21
939,-117.920505,33.80350174,181.08,52.45,19.36,23.95,Mexican fan palm,9/13/21
940,-117.918957,33.80352266,185.43,55.76,19.03,22.64,Carrotwood,9/13/21
941,-117.918687,33.80352634,186.57,56.67,18.7,20.34,Dwarf fig tree,9/13/21
942,-117.922004,33.80347831,181.48,54.63,18.37,19.36,Western sycamore,9/13/21
943,-117.920130,33.80350349,184.08,55.11,18.37,19.69,Western sycamore,9/13/21
944,-117.919027,33.80351879,186.13,56.41,18.37,19.03,California palm,9/13/21
945,-117.918795,33.80352106,186.08,56.42,19.03,20.34,Queen palm,9/13/21
946,-117.918622,33.80352398,185.49,55.51,19.03,23.29,Mexican fan palm,9/13/21
947,-117.921939,33.80347602,180.55,53.77,18.37,19.03,Carrotwood,9/13/21
948,-117.920994,33.80348866,185.65,57.4,18.7,20.01,Dwarf fig tree,9/13/21
949,-117.920603,33.80349367,183.26,54.77,19.36,22.31,Western sycamore,9/13/21
950,-117.920039,33.80350105,186.09,57.09,19.03,21,Western sycamore,9/13/21
951,-117.919894,33.80350296,186.91,57.83,19.03,22.64,California palm,9/13/21
952,-117.919825,33.80350351,187.02,58.03,19.03,21.33,Queen palm,9/13/21
953,-117.921883,33.80347244,181.7,54.74,18.37,19.36,Mexican fan palm,9/13/21
954,-117.919653,33.8035025,187.41,58.43,18.7,21.98,Carrotwood,9/13/21
955,-117.918919,33.80351239,186.28,56.59,18.37,19.03,Dwarf fig tree,9/13/21
956,-117.919968,33.80349488,186.97,58.07,18.37,19.03,Western sycamore,9/13/21
957,-117.921793,33.8034675,180.84,53.87,18.37,19.03,Western sycamore,9/13/21
958,-117.918760,33.80350375,186.36,56.68,18.37,20.67,California palm,9/13/21
959,-117.918451,33.80350924,184.02,54.26,18.37,19.03,Queen palm,9/13/21
960,-117.918218,33.80351134,187.49,57.58,18.7,22.31,Mexican fan palm,9/13/21
961,-117.921693,33.8034612,180.57,53.5,18.37,19.03,Western sycamore,9/13/21
962,-117.921625,33.80346205,183.03,55.96,18.7,23.29,California palm,9/13/21
963,-117.918798,33.80349565,186.03,56.47,19.03,23.62,Queen palm,9/13/21
964,-117.918704,33.80349757,186.72,57.15,18.37,19.03,Mexican fan palm,9/13/21
965,-117.918635,33.803498,185.06,55.4,19.03,21.98,Carrotwood,9/13/21
966,-117.918291,33.80350251,187.5,57.49,18.37,19.69,Dwarf fig tree,9/13/21
967,-117.921555,33.80345564,181.28,54.14,19.03,23.29,Western sycamore,9/13/21
968,-117.921482,33.80345662,181.34,53.92,18.7,21.33,Western sycamore,9/13/21
969,-117.918849,33.8034925,186.05,56.55,19.03,21.98,California palm,9/13/21
970,-117.918244,33.80349981,187.47,57.55,19.03,21.65,Queen palm,9/13/21
971,-117.918064,33.80349908,185.86,55.87,17.39,19.03,Mexican fan palm,9/13/21
972,-117.921375,33.80345135,182.83,55.23,19.03,23.29,Carrotwood,9/13/21
973,-117.921152,33.80345346,181.13,53.79,18.7,24.93,Dwarf fig tree,9/13/21
974,-117.918149,33.80349402,188.42,58.56,18.7,21.33,Western sycamore,9/13/21
975,-117.921002,33.80345306,180.96,53.5,20.34,41.99,Western sycamore,9/13/21
976,-117.920920,33.80345332,181.36,53.79,19.03,23.29,California palm,9/13/21
977,-117.920745,33.80345619,181.18,53.46,18.37,19.03,Queen palm,9/13/21
978,-117.920520,33.80345974,181.04,53.33,18.37,19.03,Mexican fan palm,9/13/21
979,-117.920289,33.80346173,182.1,54.18,18.7,20.34,Carrotwood,9/13/21
980,-117.919099,33.80347794,185.47,56.82,18.37,19.03,Dwarf fig tree,9/13/21
981,-117.921298,33.80344451,181.12,53.75,19.03,23.95,Western sycamore,9/13/21
982,-117.921255,33.80344597,182.88,55.52,18.37,19.03,Western sycamore,9/13/21
983,-117.921079,33.80344803,180.62,53.17,19.36,23.62,California palm,9/13/21
984,-117.920809,33.80345262,182.67,54.98,18.7,20.01,Queen palm,9/13/21
985,-117.919893,33.80346336,185.11,56.89,18.7,20.34,Mexican fan palm,9/13/21
986,-117.920606,33.8034504,181.87,54.22,18.37,19.03,Carrotwood,9/13/21
987,-117.920430,33.80345352,181.59,53.76,18.7,21.98,Dwarf fig tree,9/13/21
988,-117.920130,33.80345692,181.4,53.45,18.37,19.03,Western sycamore,9/13/21
989,-117.919979,33.80345852,183.87,55.91,18.37,19.03,Western sycamore,9/13/21
990,-117.919804,33.80346103,184.34,56.27,18.7,20.34,California palm,9/13/21
991,-117.920679,33.80344708,180.3,52.61,18.37,19.03,Queen palm,9/13/21
992,-117.918536,33.80346807,185.92,57.13,18.7,20.01,Mexican fan palm,9/13/21
993,-117.918472,33.80346866,185.21,56.31,18.7,21,Western sycamore,9/13/21
994,-117.918382,33.80347041,183.3,54.35,18.7,20.34,California palm,9/13/21
995,-117.918230,33.80347149,187.04,57.91,19.03,23.62,Queen palm,9/13/21
996,-117.926002,33.80336499,183.22,57.94,16.73,17.72,Mexican fan palm,9/13/21
997,-117.918407,33.80345822,182.98,54.03,20.01,38.71,Carrotwood,9/13/21
998,-117.918294,33.80345992,185.77,56.81,18.7,20.01,Dwarf fig tree,9/13/21
999,-117.918089,33.8034625,186.35,57.18,17.06,18.37,Western sycamore,9/13/21
1000,-117.919072,33.80344364,179.29,59.2,18.04,19.03,Western sycamore,9/13/21
1001,-117.925739,33.80332764,181.94,56.14,18.7,20.01,California palm,9/13/21
1002,-117.925335,33.80333313,183.53,57.45,18.7,21.65,Queen palm,9/13/21
1003,-117.926362,33.80331635,149.37,23.96,18.37,19.03,Mexican fan palm,9/13/21
1004,-117.926267,33.80331727,180.12,54.68,18.37,19.03,Carrotwood,9/13/21
1005,-117.925945,33.80331809,178.91,53.31,19.03,21,Dwarf fig tree,9/13/21
1006,-117.925896,33.80331992,180.46,54.85,18.7,21.33,Western sycamore,9/13/21
1007,-117.926124,33.80331214,178.27,52.95,19.03,21.33,Western sycamore,9/13/21
1008,-117.925974,33.80331522,179.03,53.57,18.7,19.69,California palm,9/13/21
1009,-117.926043,33.80330561,179.73,54.38,18.7,21.33,Queen palm,9/13/21
1010,-117.925811,33.80330909,179.97,53.86,18.7,19.69,Mexican fan palm,9/13/21
1011,-117.925481,33.8033136,180.84,54.82,18.7,20.01,Carrotwood,9/13/21
1012,-117.925648,33.80330784,180.75,54.81,18.37,19.36,Dwarf fig tree,9/13/21
1013,-117.925553,33.80330997,180.58,54.61,19.69,25.26,Western sycamore,9/13/21
1014,-117.925403,33.80331112,183.26,57.38,18.37,19.36,Western sycamore,9/13/21
1015,-117.925725,33.80330386,182.47,56.41,18.7,23.29,California palm,9/13/21
1016,-117.922251,33.80334945,182.96,55.33,18.7,21.98,Queen palm,9/13/21
1017,-117.926267,33.80329274,179.47,54.57,19.36,21.98,Mexican fan palm,9/13/21
1018,-117.926197,33.80329293,180.5,55.55,19.03,22.31,Carrotwood,9/13/21
1019,-117.922401,33.80334032,183.39,55.93,19.03,21,Dwarf fig tree,9/13/21
1020,-117.922099,33.80334453,182.23,54.43,18.37,19.36,Western sycamore,9/13/21
1021,-117.919883,33.80337054,181.85,53.01,19.03,21.33,Western sycamore,9/13/21
1022,-117.922039,33.80333858,184.11,56.2,18.7,21.33,California palm,9/13/21
1023,-117.921932,33.80333958,182.46,54.53,18.7,20.01,Queen palm,9/13/21
1024,-117.921885,33.80334031,181.16,53.17,18.7,21,Mexican fan palm,9/13/21
1025,-117.921396,33.80334674,181.99,53.98,18.7,21.33,Western sycamore,9/13/21
1026,-117.921305,33.80334768,183.04,54.88,18.37,20.34,California palm,9/13/21
1027,-117.922344,33.80333009,183.72,56.16,18.7,19.36,Queen palm,9/13/21
1028,-117.922167,33.80333324,183.32,55.52,18.37,19.03,Mexican fan palm,9/13/21
1029,-117.921464,33.80334195,182.34,54.23,18.37,19.03,Carrotwood,9/13/21
1030,-117.921163,33.80334638,182.57,54.31,18.7,20.01,Dwarf fig tree,9/13/21
1031,-117.921236,33.80334133,182.99,54.71,18.7,19.69,Western sycamore,9/13/21
1032,-117.920674,33.80334951,182.78,54.43,18.37,19.03,Western sycamore,9/13/21
1033,-117.919733,33.80336152,185.63,56.6,18.7,21.98,California palm,9/13/21
1034,-117.925708,33.80327834,181.01,55.73,18.37,20.01,Queen palm,9/13/21
1035,-117.921691,33.80333231,185.58,57.44,19.03,21.33,Mexican fan palm,9/13/21
1036,-117.921562,33.8033342,182.78,54.3,18.7,20.01,Carrotwood,9/13/21
1037,-117.921082,33.80334016,182.87,54.45,19.03,21,Dwarf fig tree,9/13/21
1038,-117.920755,33.80334446,183.6,55.18,18.7,21.65,Western sycamore,9/13/21
1039,-117.919960,33.80335507,186.4,57.41,18.7,20.34,Western sycamore,9/13/21
1040,-117.925647,33.80327551,180,54.62,18.7,20.34,California palm,9/13/21
1041,-117.921790,33.80332728,184.53,56.42,18.37,19.69,Queen palm,9/13/21
1042,-117.921614,33.80332964,183.35,55.07,18.7,20.34,Mexican fan palm,9/13/21
1043,-117.920819,33.80333987,179.67,51.26,19.69,31.5,Carrotwood,9/13/21
1044,-117.920356,33.80334579,184.63,55.78,18.37,19.03,Dwarf fig tree,9/13/21
1045,-117.919505,33.80335731,185.16,55.89,18.7,20.67,Western sycamore,9/13/21
1046,-117.925497,33.80327344,178.82,53.41,18.7,20.34,Western sycamore,9/13/21
1047,-117.920986,33.80333422,183.41,55.07,18.7,22.31,California palm,9/13/21
1048,-117.920609,33.80333967,185.18,56.68,19.03,21.33,Queen palm,9/13/21
1049,-117.920454,33.80334102,184.53,56,18.37,20.01,Mexican fan palm,9/13/21
1050,-117.919797,33.80335054,185.94,56.81,19.36,21.33,Carrotwood,9/13/21
1051,-117.919402,33.8033557,187.58,58.27,19.36,22.31,Dwarf fig tree,9/13/21
1052,-117.921383,33.8033251,183,54.58,18.7,20.01,Western sycamore,9/13/21
1053,-117.920913,33.80333118,182.8,54.18,18.7,21.33,Western sycamore,9/13/21
1054,-117.920509,33.80333722,182.7,54.2,18.7,20.34,California palm,9/13/21
1055,-117.920269,33.80334005,184.64,55.8,18.37,19.03,Queen palm,9/13/21
1056,-117.920222,33.80334066,185.64,56.77,18.7,21,Mexican fan palm,9/13/21
1057,-117.920193,33.80334213,185.75,56.89,18.7,20.34,Western sycamore,9/13/21
1058,-117.919346,33.80335273,185.97,56.63,19.03,21.33,California palm,9/13/21
1059,-117.919315,33.80335266,185.77,56.36,20.34,41.34,Queen palm,9/13/21
1060,-117.919273,33.80335331,187.08,57.75,18.37,20.01,Mexican fan palm,9/13/21
1061,-117.920127,33.80333863,182.37,53.53,18.7,21,Carrotwood,9/13/21
1062,-117.920037,33.80333959,185.08,56.19,18.37,19.03,Dwarf fig tree,9/13/21
1063,-117.919719,33.80334016,186.18,56.9,19.03,21.65,Western sycamore,9/13/21
1064,-117.919659,33.80334117,183.84,54.72,22.97,40.68,Western sycamore,9/13/21
1065,-117.922347,33.8033023,182.8,54.93,19.36,27.23,California palm,9/13/21
1066,-117.922322,33.80330222,183.02,55.1,18.7,22.31,Queen palm,9/13/21
1067,-117.919186,33.8033442,185.89,56.51,18.37,19.69,Mexican fan palm,9/13/21
1068,-117.919569,33.80333487,186.73,57.42,20.01,25.92,Carrotwood,9/13/21
1069,-117.919410,33.80333368,188.15,58.45,18.37,20.34,Dwarf fig tree,9/13/21
1070,-117.919250,33.80333249,187.34,57.9,18.7,20.34,Western sycamore,9/13/21
1071,-117.922163,33.8032896,181.93,54.65,19.03,21.33,Western sycamore,9/13/21
1072,-117.922029,33.80329197,179.95,52.43,18.37,19.03,California palm,9/13/21
1073,-117.921784,33.80329485,182.95,55.2,19.03,28.87,Queen palm,9/13/21
1074,-117.921630,33.80329716,181.76,53.99,20.67,29.86,Mexican fan palm,9/13/21
1075,-117.922089,33.80328816,181.26,53.92,18.7,20.01,Carrotwood,9/13/21
1076,-117.921951,33.80328872,181.41,53.98,18.7,20.01,Dwarf fig tree,9/13/21
1077,-117.921879,33.80329014,182.59,55.06,18.37,19.03,Western sycamore,9/13/21
1078,-117.921468,33.80329518,179.63,51.67,20.34,40.68,Western sycamore,9/13/21
1079,-117.920824,33.80330379,180.15,51.66,19.03,21.98,California palm,9/13/21
1080,-117.920521,33.80330781,184.04,55.29,18.37,19.36,Queen palm,9/13/21
1081,-117.922430,33.80328021,181,53.97,18.7,22.31,Mexican fan palm,9/13/21
1082,-117.922248,33.80328267,181.94,54.8,18.7,20.34,Carrotwood,9/13/21
1083,-117.920191,33.80331003,202.52,73.89,18.37,19.03,Dwarf fig tree,9/13/21
1084,-117.920119,33.80330953,183.9,55.21,18.7,20.34,Western sycamore,9/13/21
1085,-117.920909,33.80329564,181.76,53.38,18.37,19.03,Western sycamore,9/13/21
1086,-117.920668,33.80329985,180.59,52.08,19.03,25.92,California palm,9/13/21
1087,-117.920358,33.8033027,182.8,54.24,18.37,19.69,Queen palm,9/13/21
1088,-117.921381,33.80328608,179.98,52.56,18.37,20.34,Mexican fan palm,9/13/21
1089,-117.921063,33.80329017,179.85,51.81,18.37,19.03,Western sycamore,9/13/21
1090,-117.920750,33.80329446,181.91,53.79,18.37,19.03,California palm,9/13/21
1091,-117.920981,33.80328789,182.09,54.02,18.7,19.69,Queen palm,9/13/21
1092,-117.920441,33.80329471,182.15,53.71,18.7,21.98,Mexican fan palm,9/13/21
1093,-117.919728,33.80330467,185.56,56.27,18.7,21.33,Carrotwood,9/13/21
1094,-117.919637,33.80330538,185.96,56.79,19.03,20.67,Dwarf fig tree,9/13/21
1095,-117.919401,33.80330935,185.88,56.63,19.03,20.34,Western sycamore,9/13/21
1096,-117.919341,33.80330965,184.91,55.39,18.7,21.98,Western sycamore,9/13/21
1097,-117.919890,33.80329873,183.73,54.89,18.37,19.03,California palm,9/13/21
1098,-117.919503,33.80329991,184.71,55.43,18.7,21.33,Queen palm,9/13/21
1099,-117.919186,33.80330486,185.92,56.38,18.7,20.34,Mexican fan palm,9/13/21
1100,-117.927643,33.80318372,177.12,53.47,18.37,19.03,Carrotwood,9/13/21
1101,-117.919813,33.80328926,185.16,56.66,18.7,20.34,Dwarf fig tree,9/13/21
1102,-117.927969,33.80317588,178.53,55.45,18.37,19.69,Western sycamore,9/13/21
1103,-117.919580,33.80328622,185.93,57.39,18.37,19.03,Western sycamore,9/13/21
1104,-117.919267,33.80328571,184.29,55.25,18.37,19.03,California palm,9/13/21
1105,-117.927729,33.80316832,177.01,53.12,18.37,19.69,Queen palm,9/13/21
1106,-117.925963,33.8031814,179.71,55.52,18.37,19.36,Mexican fan palm,9/13/21
1107,-117.925878,33.80317581,181.09,56.69,17.72,18.7,Carrotwood,9/13/21
1108,-117.920565,33.80324268,201.75,73.98,15.42,16.73,Dwarf fig tree,9/13/21
1109,-117.925714,33.80316671,181.81,57.39,18.04,18.7,Western sycamore,9/13/21
1110,-117.925791,33.80316256,181.26,57.01,17.39,18.37,Western sycamore,9/13/21
1111,-117.925641,33.80316119,180.24,55.75,17.39,18.37,California palm,9/13/21